project_id,response_id,question,text,sentence,sentiment,sentiment_score,is_learning,embedding,cluster
proj_test,11,What could be improved?,The schedule was too intense and there were not enough breaks.,The schedule was too intense and there were not enough breaks.,negative,-0.6,False,"[ 1.50428629e-02  1.02211013e-02  5.17038591e-02  4.19161692e-02
  6.94104359e-02  9.46822949e-03 -1.57292247e-01 -2.59886403e-03
 -2.59635001e-02  3.66388001e-02 -9.13606063e-02  4.04570848e-02
 -5.26492633e-02 -3.85696813e-02  6.02269508e-02 -6.91045523e-02
 -2.32995339e-02 -1.36439905e-01 -3.78775932e-02 -9.90677252e-03
  5.48631512e-02 -1.98987350e-02 -2.73674782e-02  6.29420951e-02
  3.71914245e-02  6.56592473e-02 -2.37219874e-02  4.95826127e-03
 -1.39383990e-02  1.38048064e-02  1.29564013e-02  8.61859787e-03
  4.91077304e-02 -3.21715958e-02  4.18812633e-02  6.83611026e-03
  7.97419716e-03  6.97052572e-03 -1.13558751e-02  1.10544581e-02
  3.00008040e-02  2.03962554e-03  3.19951251e-02  3.79774906e-02
  1.67499352e-02 -2.26351433e-02 -1.54001741e-02 -1.26670495e-01
  4.73652966e-02  3.38075049e-02  3.10830753e-02  3.84958833e-02
  1.20454067e-02 -3.72170173e-02  2.28903070e-02  2.98306625e-02
  6.26843423e-03  3.24388035e-03  5.56399003e-02  1.70119032e-02
 -3.43768224e-02 -1.17326248e-02 -2.34682839e-02  2.90671960e-02
  1.45470654e-03 -1.01276543e-02 -4.52225246e-02  1.20711550e-02
  4.01599854e-02  1.09511979e-01 -4.44347784e-02 -5.48843518e-02
 -6.45774556e-03 -4.49519604e-02  6.48958385e-02  2.70781238e-02
  4.39767679e-03 -4.59437519e-02  3.14054340e-02 -6.03844458e-03
 -6.25035241e-02 -1.08302765e-01  2.17107069e-02  5.08184619e-02
  4.77108248e-02 -4.87494282e-02  5.42477146e-02 -3.84609737e-02
 -1.75911319e-02  6.20720014e-02  2.81122811e-02  3.17042246e-02
  7.85648450e-02  1.03141489e-02  6.05109185e-02  3.29800844e-02
 -5.12659512e-02  3.28262523e-02  3.73094454e-02  7.87226632e-02
 -3.75681296e-02  5.77091090e-02 -9.33153089e-03 -1.12024206e-03
 -3.22900340e-02 -2.97825579e-02 -1.92627460e-02 -2.81838104e-02
 -5.82292937e-02 -2.04883441e-02  6.02082685e-02  8.04692507e-02
  5.69961071e-02 -6.21322244e-02  1.48376841e-02  1.07098646e-01
 -2.99828593e-02  3.92645635e-02 -3.21539044e-02  6.58788234e-02
  3.69022153e-02  4.81348578e-03 -5.56674525e-02  3.71765858e-03
 -3.48916277e-02  5.39764985e-02  5.44422381e-02 -2.74990171e-33
  4.24441174e-02 -1.13384224e-01  1.79285910e-02  5.24963299e-03
  7.35555142e-02 -2.49264576e-02 -4.32789586e-02 -4.26336788e-02
  3.77805494e-02 -4.71251085e-02  2.05086488e-02 -2.21077562e-03
 -1.99966952e-02 -1.69722572e-01  1.21684693e-01 -6.37976546e-03
  2.41495427e-02  4.35514264e-02  3.32248285e-02 -1.17098177e-02
 -1.22893052e-02 -1.12321712e-01 -5.89685515e-02 -1.79133620e-02
 -1.18575297e-01  9.13784578e-02  6.99302973e-03 -3.50435153e-02
  1.11941360e-02  2.14439202e-02 -1.77388638e-02 -1.73089432e-03
  6.07517920e-02  1.03908077e-01  5.04465662e-02  3.81223159e-03
 -9.87557881e-03  1.48191601e-02  3.80643494e-02  8.94721691e-03
 -5.27525023e-02 -7.61505365e-02  1.15045197e-02 -1.13749793e-02
  6.34259433e-02  1.42605556e-02  3.70163325e-04 -3.57938223e-02
 -7.82524273e-02  7.42134377e-02  2.87999697e-02  3.12529244e-02
  4.53796424e-02 -2.74305250e-02 -4.21774127e-02  5.74596263e-02
  7.29941726e-02  2.81077018e-03 -1.97796356e-02  4.21449207e-02
 -1.58364028e-02  5.05074188e-02  4.05754745e-02  3.98905613e-02
 -5.86794876e-02  1.33843254e-02 -2.69862190e-02  3.20987292e-02
 -4.75355284e-03  5.13676032e-02 -9.90477130e-02 -2.86798421e-02
 -2.05870606e-02 -2.11546626e-02  3.89727540e-02  3.26958904e-03
 -1.78890664e-03  3.90005261e-02 -3.12245637e-02 -1.37967821e-02
  7.12009445e-02 -6.53250813e-02  6.37381896e-02 -8.25251117e-02
  1.34053361e-02  2.40075449e-03  2.80042011e-02  7.44050071e-02
 -4.70038615e-02 -3.16239633e-02 -3.36229764e-02  1.51696848e-02
  2.88748927e-02 -4.91320482e-03  1.85464155e-02  1.68514664e-33
  2.04898566e-02 -1.59306242e-03 -4.83566821e-02 -4.53553349e-02
  5.65754436e-02 -1.74042266e-02  2.21672244e-02  1.77075081e-02
  6.20633997e-02  4.37948853e-02  6.17898107e-02 -3.82719412e-02
 -3.30551565e-02 -1.33369090e-02 -6.92145303e-02 -5.82665727e-02
  6.23198003e-02  1.42552098e-03  1.30634829e-02  2.35774051e-02
  7.32837766e-02  9.69815813e-03 -9.90264565e-02 -1.65038798e-02
 -9.04988311e-03  8.65924954e-02 -6.00915439e-02  3.62717435e-02
 -4.19689231e-02  2.74305623e-02  3.76993716e-02 -1.58969257e-02
  1.22706424e-02  6.27336800e-02  5.11349030e-02  1.40702248e-01
 -7.12629110e-02  1.32374331e-01 -7.71211460e-02 -6.18649088e-02
  2.28971913e-02 -8.91630631e-03 -5.07887825e-02  7.09012151e-02
  3.93716730e-02  6.61322847e-02 -1.34208277e-02 -5.22533767e-02
 -3.99238653e-02  5.33277690e-02 -6.94738626e-02 -1.61718167e-02
 -7.59450942e-02  7.60920569e-02 -2.27861982e-02 -3.41565534e-02
 -3.22244726e-02 -7.26012215e-02 -4.31024022e-02 -6.06695637e-02
 -3.42351161e-02 -3.14977653e-02  6.97141932e-03 -2.01109368e-02
  7.98168406e-02  1.09282928e-02 -4.76975664e-02 -5.39681837e-02
 -9.35742352e-03 -4.08946089e-02 -4.23091464e-02  4.47796024e-02
  4.78528626e-03  3.76392528e-02 -3.72342691e-02  1.26070246e-01
 -1.29654691e-01  3.56098972e-02 -2.88474150e-02  2.73280460e-02
 -1.04071945e-01  4.20817249e-02 -5.83570339e-02  3.36801335e-02
 -4.34052162e-02  1.06254980e-01  3.83632109e-02 -8.43294524e-03
 -1.06634072e-03  3.47877853e-02  1.95891429e-02 -3.41546498e-02
  6.31431788e-02  8.76860917e-02  2.64531132e-02 -2.01486241e-08
  1.02871181e-02  5.12957126e-02 -2.00144015e-02 -4.83941957e-02
  6.32027760e-02 -1.33000225e-01  6.39639609e-03 -1.89746153e-02
  4.53806818e-02  1.56491756e-01 -3.46150855e-03 -7.83815980e-03
  2.39706617e-02  5.44545986e-02 -3.23727317e-02  3.23453103e-03
 -4.79352325e-02  3.07430495e-02 -3.71954069e-02  1.31547665e-02
 -8.72105286e-02 -4.43356745e-02 -1.14557564e-01 -1.62266381e-02
  8.37228000e-02  2.76919566e-02 -7.73798972e-02  4.09836434e-02
  8.35337769e-03 -2.03588642e-02  4.78350418e-03 -5.14230803e-02
 -2.95469556e-02 -1.46812135e-02 -1.04322612e-01  1.07854384e-03
 -2.99250595e-02 -6.16729856e-02  3.72187980e-03 -8.89804810e-02
 -7.77598098e-02  2.47304440e-02  2.94617973e-02  3.50617021e-02
  7.25642294e-02 -2.68155765e-02 -3.84654626e-02  9.66978371e-02
 -4.57179584e-02 -1.09463118e-01 -9.85041074e-03 -1.53005635e-02
 -3.99147086e-02 -7.31124124e-03  5.84573634e-02  1.31245060e-02
 -3.69711891e-02  5.88704133e-03 -8.87106359e-02 -2.26554442e-02
 -1.50872059e-02 -3.34832957e-03 -7.62015134e-02  4.42270003e-02]",3
proj_test,12,What could be improved?,The accommodation could have been better organized.,The accommodation could have been better organized.,negative,-0.6,False,"[ 7.51007423e-02  3.54280435e-02 -6.40309695e-03  6.72384873e-02
  5.56511730e-02 -9.37682018e-03 -4.32448424e-02 -6.19648993e-02
 -2.70632654e-02  3.59577872e-02  2.38980316e-02  5.45584895e-02
  3.19216028e-02  3.43631692e-02  4.93527018e-02 -4.41798232e-02
  1.75282117e-02  1.31633673e-02  4.71061794e-03  3.66765521e-02
 -2.92301141e-02 -1.90603286e-02  5.93127348e-02  9.47349332e-03
  7.00893849e-02  6.94807991e-02  7.74002075e-03  4.57967930e-02
  3.40359844e-02 -5.27582616e-02  3.60695124e-02  4.64269444e-02
  9.10567418e-02  1.62990540e-02  6.23026416e-02  9.85160321e-02
  3.74167077e-02 -4.12663631e-02 -1.85110152e-03 -5.16680814e-02
 -2.44803950e-02  6.94846958e-02  7.12796077e-02 -4.03625034e-02
 -6.08257391e-02  4.19736095e-02 -2.57884320e-02 -5.78519404e-02
 -3.48823406e-02  1.37015700e-03  5.32874800e-02  5.37819117e-02
 -4.35716175e-02 -7.77396560e-02 -3.86561528e-02  1.03302762e-01
 -6.39127642e-02 -6.01510704e-02 -2.98705790e-02 -1.96889918e-02
 -1.73449852e-02  1.24866366e-02  6.56999871e-02  3.09850294e-02
 -3.33793722e-02 -1.69457961e-02 -6.58169910e-02  7.89239854e-02
  8.70894175e-03  2.33868808e-02  5.13079436e-03  6.56189956e-03
  2.49895733e-02 -6.29912987e-02  3.54407132e-02 -6.87284172e-02
 -1.53995790e-02 -2.11000256e-02  1.26943300e-02 -2.99864002e-02
  1.16104065e-02  4.53242809e-02 -1.36351986e-02  6.35871515e-02
  1.60207674e-02 -7.57097602e-02  1.25333145e-02 -1.01401031e-01
 -5.46494462e-02 -3.00296154e-02  8.42178091e-02 -1.98356267e-02
 -3.66814202e-03  5.09858280e-02  4.58349884e-02  5.37316455e-03
 -5.66822216e-02  8.44846666e-03  2.87173036e-02  9.65539888e-02
 -2.44902875e-02  7.28935003e-02  1.97808229e-04  2.24362668e-02
 -8.00519064e-02 -9.92930084e-02  5.25790674e-04 -3.48899364e-02
 -4.39276472e-02 -1.48064839e-02 -5.59511855e-02  2.27422770e-02
  2.70350035e-02  4.92904037e-02 -1.35127772e-02  6.89425617e-02
 -8.68009496e-03 -1.74853448e-02  7.51389116e-02 -7.33601535e-03
  1.13567553e-01  1.45922555e-02 -7.01871654e-03  2.55084988e-02
 -4.20449637e-02 -4.22339281e-03  1.25550025e-03 -4.25785874e-33
 -5.18348739e-02 -4.59281681e-03 -4.22185361e-02  8.27469677e-02
  1.41773731e-01 -2.08864789e-02 -9.63235125e-02  4.51466143e-02
  6.88816383e-02 -4.64822352e-02  6.34233579e-02 -2.90440805e-02
  2.87489928e-02 -2.16380842e-02  4.32430096e-02  1.98705141e-02
  1.05302455e-02  1.54394329e-01 -9.19396579e-02 -2.76240464e-02
 -1.85034592e-02  2.45178621e-02  7.42374435e-02 -3.67550552e-02
  3.97556201e-02  3.78866196e-02  1.90515183e-02  1.69780236e-02
  1.07457861e-02 -6.72884099e-03  2.39526052e-02 -3.93951721e-02
 -6.13674410e-02  5.13698068e-03  5.15718497e-02  5.70892803e-02
  2.46489532e-02 -7.06494302e-02 -3.57054621e-02 -2.51855571e-02
 -6.68602958e-02  3.96675579e-02  6.38730153e-02  8.91767070e-03
  3.72209512e-02  1.03782631e-01  1.97364221e-04 -1.26973703e-03
  8.97319801e-03  9.67351347e-02 -1.76380128e-02 -2.61020213e-02
 -8.59498531e-02 -4.51217815e-02 -2.13885587e-02 -2.77180318e-02
  2.18145698e-02  6.47363886e-02  6.97930604e-02 -3.58184874e-02
  2.94730626e-02 -2.62619648e-03 -1.64005469e-04 -1.18944403e-02
  2.13633515e-02 -9.55044180e-02  1.93613954e-02 -1.25876823e-02
  6.33436963e-02 -4.42573242e-02 -7.95834735e-02  4.51366976e-02
 -4.57593091e-02  2.93126553e-02 -7.06677213e-02 -3.24161258e-03
 -6.05754144e-02  6.25118660e-03 -5.51682152e-02 -4.75609377e-02
  2.85229050e-02 -1.49756856e-02 -9.93005652e-03  8.66981689e-03
  3.72492932e-02 -3.00864242e-02  1.15914300e-01  1.41692422e-02
 -3.01533025e-02  2.16102339e-02 -8.05819314e-03 -8.06728727e-04
  4.44496125e-02 -7.34674931e-02 -3.11990771e-02  2.29614914e-33
  2.41237190e-02 -4.25259918e-02 -2.36229151e-02 -3.78264971e-02
 -2.54764389e-02  3.08210170e-03 -2.45824587e-02 -1.07969739e-01
  3.93720828e-02  3.07093337e-02 -6.59308508e-02  2.25698147e-02
  7.90925920e-02 -4.89316918e-02 -3.33169959e-02  5.23484424e-02
  7.12757930e-02 -5.23939691e-02  2.55524833e-02  6.78224862e-02
  2.22661570e-02  4.18529734e-02  3.78320855e-03 -1.71277747e-02
 -3.26964930e-02  1.35514319e-01 -3.97829674e-02 -1.79058071e-02
 -8.91522691e-02 -1.02980379e-02 -4.33474816e-02 -3.88311595e-02
 -9.97296870e-02  8.88947025e-02  1.38664218e-02  7.02045336e-02
 -1.54049452e-02  2.38670539e-02 -1.12842657e-01 -4.07413114e-04
  2.91200317e-02 -8.61101039e-03 -5.93353659e-02  3.30393799e-02
  9.30055603e-02 -3.31282383e-03 -8.32552984e-02 -4.41030040e-02
  4.04075943e-02  5.31014102e-03  9.80382878e-03  9.55125690e-03
 -5.80862947e-02 -5.98450415e-02 -1.30173098e-02  7.21579138e-03
 -2.22686976e-02 -1.02969527e-01  4.46401089e-02  6.70317048e-03
 -6.14550635e-02 -2.09779032e-02 -7.80938473e-03  2.78368499e-03
 -2.94933822e-02  1.67138723e-03 -6.71202019e-02 -4.38560545e-02
 -1.83666032e-02  7.61668663e-03  1.20042330e-02 -9.82459486e-02
 -8.22292790e-02  8.12050775e-02  1.73886046e-02  1.38369044e-02
  9.39516723e-02  2.43296362e-02 -3.79361883e-02 -2.37516146e-02
 -1.28942773e-01 -6.31641820e-02 -1.01833930e-02 -5.90394735e-02
  1.93004943e-02  2.59734616e-02  5.45827784e-02 -4.13102470e-02
  2.38639768e-02  4.34536561e-02 -1.36295250e-02 -2.75810342e-02
  7.85476193e-02 -9.49999131e-03  2.42727511e-02 -1.94238563e-08
 -8.23500082e-02 -2.53803097e-02 -6.58268575e-03  4.63505387e-02
 -2.34127268e-02 -2.15657860e-01  4.09674868e-02  8.86506885e-02
 -1.18089188e-02  9.80834439e-02 -6.40997365e-02  7.35610723e-02
  1.64205860e-02  6.29976168e-02  4.54609422e-03  5.86926304e-02
 -9.40575078e-02 -4.60616983e-02 -7.05725253e-02  6.48414493e-02
  3.03200856e-02  6.21308759e-02 -7.56776035e-02 -1.13175446e-02
 -3.31163500e-03  4.15479168e-02 -5.21145463e-02 -6.70046965e-03
  4.37551737e-03  3.86305526e-02  3.74538675e-02  2.80996580e-02
 -5.46405949e-02 -1.31595396e-02 -5.17022945e-02 -5.25683677e-03
  1.11050615e-02 -3.02646845e-03  3.83958146e-02 -1.02630466e-01
 -8.79436284e-02 -4.94794287e-02 -4.00109328e-02  5.18081822e-02
  1.30263835e-01 -6.05294714e-03 -7.53781991e-03  1.78922378e-02
  1.17370225e-02 -1.10946700e-01 -3.38510200e-02  3.87809165e-02
 -1.86563283e-02  5.36252838e-03  4.47521321e-02 -3.95484045e-02
  5.12193842e-03 -1.28420200e-02  3.30053479e-03  4.50772271e-02
 -4.67358939e-02  3.39592546e-02 -7.64152259e-02 -7.05358060e-03]",0
proj_test,13,What could be improved?,"Some sessions were interesting, but the timing was confusing.","Some sessions were interesting, but the timing was confusing.",negative,-0.6,False,"[-2.38386076e-02  2.68364865e-02  3.35438587e-02 -1.23275246e-03
  8.01189058e-03 -2.98888367e-02  7.68646002e-02 -5.23412228e-02
  5.10606691e-02 -4.62705716e-02  9.95036308e-03  9.17548910e-02
 -6.44667149e-02  1.85755529e-02  5.11676632e-02 -5.72961010e-02
  2.10451335e-02 -7.77205229e-02 -2.46522273e-03  1.56052448e-02
 -1.10986497e-04  1.31985079e-02 -3.22373174e-02 -1.48726478e-02
  1.88138224e-02  3.95998843e-02 -3.22056338e-02 -6.05974253e-03
  1.09951489e-01  2.03106515e-02 -4.74798046e-02  1.31997958e-01
 -2.62326170e-02 -2.73048412e-02 -6.84791943e-03  1.83974579e-02
  1.72553696e-02  9.12739262e-02  3.80287766e-02 -9.64436401e-03
  1.47867305e-02 -2.32289098e-02  9.91340205e-02  5.01925461e-02
 -1.38307437e-02 -4.86493185e-02 -3.61658223e-02 -4.32027727e-02
 -5.28417118e-02 -2.75261141e-03 -6.53982977e-04 -2.40141973e-02
  5.51759042e-02 -7.40933716e-02 -4.16025594e-02  7.57324919e-02
 -6.16298011e-03  4.95206602e-02  3.27313393e-02  3.25900242e-02
 -1.01222359e-01 -4.01682891e-02 -3.96710150e-02  4.02390324e-02
  7.99638033e-02 -5.15427217e-02  1.04750516e-02 -6.19137920e-02
  8.78765285e-02 -2.67826356e-02 -1.77619662e-02  2.06437409e-02
  8.09620973e-03 -4.10796478e-02 -4.51557599e-02 -2.36779265e-02
  6.32186607e-02  5.79382777e-02 -2.58080382e-02 -6.71987459e-02
 -2.16016453e-02 -7.10507333e-02 -3.29874951e-04 -2.11583953e-02
  3.05195488e-02 -1.01279110e-01 -3.45264049e-03 -4.00235802e-02
 -6.35058284e-02  5.90861440e-02  4.30500228e-03  2.40538325e-02
  1.78747647e-03 -7.12786801e-03  2.23230235e-02  2.36818995e-02
  2.00861357e-02  1.89521372e-01  7.47690722e-02  8.43591616e-02
  4.66843061e-02  1.17810011e-01 -5.37526868e-02  3.59969027e-02
 -4.77336235e-02 -5.37803993e-02 -3.36805582e-02 -4.37590852e-02
  1.45053016e-02 -4.08075377e-02 -2.78535169e-02  3.21804620e-02
  6.92015812e-02 -1.43271303e-02  1.10568972e-02  7.66202733e-02
  2.36368589e-02  3.16185504e-02  1.24591328e-02  8.27460289e-02
  3.14652659e-02  1.41382394e-02 -2.53954343e-02 -9.31311958e-03
 -2.60589048e-02  1.44414827e-02  1.04209982e-01 -5.15079364e-33
  4.49831132e-03 -1.03845611e-01 -6.11417070e-02  5.46875484e-02
  8.14413056e-02  3.92563753e-02 -8.18722397e-02 -4.70062383e-02
 -4.89802612e-03  6.14074506e-02  6.80315634e-03  8.72354116e-03
  2.58406624e-02 -8.94110799e-02 -4.28671017e-02 -7.69822532e-03
 -1.08406879e-01  4.27671298e-02 -9.13068000e-03 -4.24078405e-02
  1.67647116e-02 -2.94152610e-02 -7.16494583e-03 -4.98527009e-03
  9.34950076e-03  4.81946655e-02  2.49358565e-02 -1.85352750e-02
  1.24911733e-01  6.34554075e-03 -4.42210995e-02  2.83596162e-02
 -1.61092170e-02  4.09761220e-02  9.53947678e-02  6.12345943e-03
  5.05450219e-02 -9.56782252e-02  3.06371320e-02 -1.12151401e-02
  9.80903395e-03  2.52809040e-02 -9.05005075e-03 -6.80822805e-02
 -8.55455473e-02  3.79459076e-02 -5.29104993e-02 -6.58962131e-03
 -3.46441381e-02  5.38504981e-02 -9.61042717e-02  2.79793944e-02
  9.81564596e-02  3.38619086e-03  2.14761831e-02  3.80511470e-02
  3.26942131e-02  2.89773270e-02 -4.85312492e-02  7.85308033e-02
  2.62155216e-02  6.80567473e-02 -4.12246995e-02 -6.95768073e-02
 -1.08542964e-01  2.38659419e-02  1.56842973e-02  2.13693026e-02
  4.84379008e-02 -5.05943829e-03 -9.49294791e-02  3.00662518e-02
  1.21601122e-02 -6.99764118e-02 -2.35520881e-02 -1.56210586e-02
  2.82199332e-03  8.65129903e-02 -2.68886890e-03 -2.22757589e-02
  1.02003001e-01 -6.71219975e-02  1.11169191e-02  3.70834991e-02
 -1.06080815e-01 -3.39839607e-02  5.78748658e-02 -7.04058781e-02
 -9.14058834e-02  1.64760754e-03  7.07998173e-03  1.88225824e-02
  9.57592502e-02  1.39567070e-02  1.74110793e-02  3.33332766e-33
 -2.89925206e-02 -2.17193607e-02 -1.65899433e-02  4.47114296e-02
  8.74514729e-02 -8.88395298e-04  9.52914241e-04 -2.13685539e-03
  4.16722447e-02  7.16412766e-03  7.35791028e-02  2.72874963e-02
 -4.47529517e-02 -1.15547134e-02 -5.18574901e-02 -2.43657492e-02
  6.76985756e-02 -1.31613659e-02  3.94486487e-02  1.13285720e-01
  5.54376133e-02  3.89481299e-02 -7.61969984e-02 -3.92029919e-02
  6.63858205e-02  4.82611507e-02  9.84198507e-03 -6.26427531e-02
 -5.41324951e-02  2.56857313e-02  8.68886616e-03  2.32624970e-02
 -8.30762461e-02  1.80949830e-02 -3.17387395e-02  8.05708095e-02
 -1.61288865e-02 -9.00601037e-03 -1.48485200e-02 -1.01450598e-02
 -3.95482966e-05 -2.38831230e-02 -5.98148219e-02 -1.80089045e-02
 -2.76865773e-02  8.01487491e-02 -6.22962862e-02  3.58952582e-02
 -6.37247413e-02  3.37219946e-02 -7.42051452e-02  2.07889341e-02
 -7.24721327e-02 -7.51730651e-02 -4.46737148e-02 -6.66495860e-02
 -1.55168679e-02 -3.51472199e-02  3.45122814e-02 -4.08286564e-02
 -1.20230159e-02 -3.78855877e-03 -1.07104555e-02 -1.20872386e-01
 -3.41824479e-02  8.30456521e-03  2.34977547e-02 -2.29196083e-02
 -6.25091465e-03  9.05796699e-03 -1.92373861e-02 -7.73998424e-02
 -6.56048134e-02  6.13140576e-02  4.12884653e-02  3.66807543e-02
 -1.63680892e-02 -1.30722150e-01 -5.90810478e-02 -3.83725353e-02
 -7.12466985e-02 -8.69921502e-03 -6.79768398e-02  3.82705219e-02
  8.89536180e-03  1.50324792e-01 -1.23033989e-02  3.46690859e-03
 -2.92226858e-02  2.95575224e-02  4.90080453e-02 -2.44987886e-02
  5.74452132e-02  1.46923810e-01  3.86098661e-02 -1.96182199e-08
  5.47467778e-03 -6.78705378e-03 -2.11925991e-02  1.40782911e-02
  2.19775662e-02 -5.03279679e-02 -2.17344463e-02  5.69077805e-02
 -3.38855200e-02  3.56855094e-02  5.23661040e-02  6.79650111e-03
  2.27722637e-02 -2.61592995e-02  6.71334192e-02  3.35660689e-02
 -1.62408799e-02 -8.90663126e-04 -4.74029779e-02 -1.65368356e-02
 -1.10664302e-02  1.83481257e-02  1.62308849e-02 -5.01586543e-03
 -6.21947199e-02  7.71254823e-02  1.66223366e-02  1.15416370e-01
 -4.82408004e-03 -8.98318887e-02 -3.97902578e-02  5.52251004e-02
 -4.72284891e-02 -5.70439827e-03 -4.40717936e-02 -8.14848673e-03
 -8.76829103e-02 -2.13031769e-02  5.62471524e-02 -2.08819099e-02
 -4.36115041e-02 -4.57362346e-02  8.07959307e-03  7.64000565e-02
  2.04118900e-02  3.17128152e-02 -2.94849314e-02  9.12458356e-03
  2.61751935e-02 -3.99231128e-02  3.59367095e-02  3.17584127e-02
 -6.58553839e-03 -1.17464792e-02  1.62445277e-01  4.89676045e-03
 -3.97596777e-05 -2.85609365e-02 -3.79131883e-02 -7.10326480e-03
 -4.87597696e-02  5.83713017e-02 -1.15204014e-01 -2.23413613e-02]",3
proj_test,15,What could be improved?,"The food was okay, but there were too few vegetarian options.","The food was okay, but there were too few vegetarian options.",negative,-0.6,False,"[ 5.94055392e-02  3.41541991e-02 -7.31707225e-03  7.17909113e-02
 -4.43168618e-02 -5.45442989e-03 -9.49901119e-02 -3.81256267e-02
 -6.61807209e-02 -2.74058077e-02  1.32329479e-01  1.54163223e-02
 -5.32276891e-02 -1.45924836e-02  3.98180075e-02 -5.59168980e-02
  1.17846861e-01 -3.40342373e-02 -4.45816331e-02 -4.08475433e-04
 -9.59252715e-02  2.02201214e-02  5.32645620e-02  1.22551760e-02
 -2.68839076e-02 -3.82903814e-02 -1.51883187e-02 -3.17029320e-02
  1.98406037e-02 -3.88813112e-03 -3.88531610e-02  9.53770615e-03
  5.13268597e-02 -5.20613827e-02  1.27103804e-02  4.19809222e-02
  6.04838915e-02 -8.62682089e-02  3.74582112e-02 -2.51000915e-02
  4.51548211e-02 -2.73287343e-03  4.65195365e-02 -2.30694339e-02
  3.50303017e-02 -5.22245169e-02 -4.48669940e-02 -8.70303661e-02
  2.25520711e-02 -7.16009662e-02  3.19429338e-02 -3.59013602e-02
 -2.65804864e-02 -1.59227520e-01 -3.10955159e-02 -9.34347808e-02
 -2.29665246e-02 -6.13189721e-03  3.31841223e-02 -1.11273453e-02
  3.32125649e-02 -4.96251844e-02 -2.48550694e-03 -7.61486311e-03
 -3.04274098e-03 -1.05731450e-01 -4.10044119e-02 -8.58337246e-03
 -4.63569677e-03  4.97426353e-02  1.38730172e-03 -6.01264127e-02
  4.54931818e-02 -5.77202439e-03 -7.10411295e-02 -1.55964568e-02
  5.34174889e-02 -4.77009974e-02  3.06056757e-02 -1.92080028e-02
  1.40742147e-02 -2.05066502e-02 -5.15808687e-02  1.71268620e-02
  6.57739118e-02 -1.40299427e-03 -1.16706481e-02 -1.76399797e-02
  9.81875043e-03  6.33473024e-02  7.65745118e-02  2.76424326e-02
  6.94062933e-02  3.58358957e-02  5.27700037e-02 -5.89268059e-02
 -4.11323160e-02 -2.83689350e-02 -3.41395177e-02  1.37589155e-02
 -2.22278982e-02 -5.36759011e-03 -1.95030472e-03 -4.64951582e-02
 -1.61360912e-02 -4.61571943e-03 -6.25935644e-02 -1.89955737e-02
  4.15105633e-02  3.22018936e-02 -5.96509762e-02  1.13619484e-01
  2.56889146e-02 -2.02145614e-02 -4.11975197e-02  4.11783904e-02
  1.93886478e-02 -1.00358583e-01  8.55873222e-04  3.94855924e-02
 -4.13574912e-02  9.67416633e-03  2.43903091e-03  4.61814627e-02
 -6.57757446e-02  2.06661895e-02  7.58300647e-02 -3.82219923e-33
 -2.51504313e-02 -4.35824655e-02  2.74138767e-02 -1.04023181e-02
  1.03536628e-01  2.61573102e-02 -4.03078832e-02 -3.90344486e-02
 -1.06889941e-02 -1.53593905e-02  2.48767994e-02 -1.05886608e-01
 -1.52584352e-02 -1.45433145e-02  3.39253806e-02 -1.36249885e-02
 -6.05278574e-02  4.48070653e-02  1.05872795e-01  3.35517116e-02
 -2.18791235e-02 -5.49314590e-03  2.06261985e-02  9.54300351e-03
 -1.77480783e-02  3.83423455e-02  7.18605593e-02 -2.60793902e-02
 -1.66380266e-03  7.35345529e-03 -2.49471124e-02 -3.96199860e-02
 -1.14703923e-02  6.41628914e-03  3.38894129e-02  3.01173311e-02
  1.32253086e-02 -5.37745282e-02 -7.30081946e-02  2.44341437e-02
  9.16892886e-02  5.75030930e-02  6.41679987e-02  5.27783744e-02
  2.39806101e-02  4.91213985e-02  2.84245722e-02  1.01467804e-03
 -1.91243980e-02  5.45636229e-02 -3.41697335e-02  1.59155373e-02
  4.87472340e-02  1.94383282e-02 -4.83905114e-02  1.70470588e-02
  3.18851359e-02  9.53386724e-02 -3.97236943e-02 -9.02589038e-02
 -6.31136540e-03  1.06311604e-01  2.76554413e-02 -9.28076506e-02
  1.09873982e-02  2.65358035e-02 -6.57940060e-02 -3.26447226e-02
 -5.33723421e-02  6.46561151e-03  2.95668794e-03 -2.95218546e-02
  8.48903880e-03 -7.83419535e-02 -6.14277348e-02  2.23424342e-02
 -6.61588162e-02  3.73322400e-03  4.42914339e-03 -2.72379704e-02
  1.52645230e-01  4.21763808e-02  1.19108921e-02  6.56427350e-03
 -4.58442681e-02  7.41025284e-02 -2.25437675e-02 -5.80255836e-02
  6.97931498e-02  5.60072809e-03 -8.54621455e-03  3.50278877e-02
  2.99591869e-02 -9.52307358e-02 -3.10148206e-02  2.42565959e-33
 -5.92380129e-02  2.08636336e-02  3.10706347e-02  6.32923171e-02
 -6.09612139e-03 -6.21051677e-02 -3.40572111e-02 -2.74824328e-03
  8.92871246e-02 -5.07336818e-02  1.94097161e-02 -3.23932879e-02
  5.96804954e-02 -2.13269219e-02 -1.89845134e-02  1.49332732e-01
 -8.86799470e-02  2.70853359e-02  3.43835317e-02 -3.10169850e-02
 -4.93260585e-02 -4.47665574e-03 -8.26628972e-03  1.04690969e-01
  2.10387390e-02  1.59252673e-01 -2.33015008e-02  3.44283506e-03
  3.98419285e-03 -9.04489160e-02  5.92380948e-02 -9.57745314e-03
  9.90967732e-03  3.92728299e-02  4.66230065e-02  4.64294441e-02
 -4.43029702e-02  6.21026047e-02 -5.56990802e-02  1.75703708e-02
 -1.27543844e-02 -2.25685397e-03 -6.25469312e-02  1.37932524e-01
  2.94778496e-03  9.15575679e-03  5.93038350e-02 -2.70548929e-02
  2.92308908e-02  3.45210992e-02 -1.69363823e-02 -2.61635482e-02
 -2.36535408e-02  6.73285127e-03  1.07122362e-02 -1.72583517e-02
  3.38223353e-02  2.93726474e-02 -2.57663289e-03 -1.14968762e-01
 -1.06327608e-01  4.95378301e-03  2.72586681e-02 -5.29418103e-02
  7.08026886e-02  5.56724109e-02 -2.96247080e-02 -2.72750556e-02
 -3.30552682e-02 -3.84839512e-02 -2.23279465e-02 -4.47090575e-03
 -1.38068590e-02 -1.17441230e-02  3.79431993e-02  5.62788472e-02
 -3.27204205e-02 -3.12654302e-02 -1.09512173e-02 -1.05125073e-03
 -2.56061945e-02 -1.64030120e-02 -3.55556235e-03  4.20872681e-02
  6.63454086e-02  5.47567867e-02 -5.69215156e-02 -3.59155126e-02
  3.79815698e-02  1.19661689e-01 -1.53531432e-02 -7.54761770e-02
  1.05054989e-01  8.72423276e-02  9.09923017e-02 -1.73591719e-08
  9.35424566e-02 -5.68801165e-02 -3.01226601e-02  5.17868251e-02
  1.25978459e-02 -3.81404720e-02 -4.50648330e-02 -3.22274044e-02
  3.14731002e-02  1.88135609e-01 -1.59678936e-01  1.10463582e-01
 -7.47261494e-02  1.05793223e-01 -2.39281543e-02 -1.85564291e-02
  7.73361931e-03 -3.81690897e-02 -1.12859737e-02  7.00889677e-02
 -6.20717779e-02  5.27056158e-02 -5.75850122e-02 -7.12047145e-02
  2.74445862e-02 -1.70555748e-02 -8.52311999e-02 -1.90221053e-02
  6.14314303e-02 -1.66697334e-02  4.41410653e-02 -2.81846616e-02
 -8.10104981e-02  5.56551444e-04 -3.11498549e-02  2.91639548e-02
 -7.26349205e-02 -2.73331366e-02  2.21779644e-02 -6.98921308e-02
 -6.71623871e-02  4.68334556e-02 -1.64124686e-02  4.86569554e-02
 -3.22788507e-02 -3.71218962e-03 -1.18138352e-02  5.09302132e-02
 -5.21399118e-02  2.47229058e-02 -2.16794945e-02  5.80834337e-02
 -3.07560600e-02  2.15596613e-02  1.06851766e-02 -5.25260754e-02
  6.05767267e-03 -2.28567161e-02  5.28142527e-02  2.90384633e-03
 -1.88301913e-02 -2.72170305e-02 -1.95658170e-02  2.52089165e-02]",1
proj_test,16,What could be improved?,The transport instructions were not clear before arrival.,The transport instructions were not clear before arrival.,negative,-0.6,False,"[ 5.40292375e-02  2.43720952e-02  1.50190471e-02  7.43855983e-02
  3.61817740e-02 -3.85939814e-02  1.62088815e-02 -3.49273868e-02
 -5.87483160e-02  1.03670098e-02  1.08518340e-01  6.18741959e-02
  2.16664863e-03 -3.07965316e-02 -8.49931017e-02 -6.30976930e-02
  4.70642261e-02 -1.08130105e-01 -7.89636523e-02 -1.34328678e-02
  5.01837879e-02  5.58365993e-02  1.37998664e-03  3.53810228e-02
  2.62295287e-02  5.11130728e-02 -3.61531377e-02 -2.48989947e-02
  8.08663368e-02 -1.14129204e-02 -7.37225190e-02  1.76304113e-02
 -4.62623127e-02  3.47625843e-04  4.57398668e-02  7.56470934e-02
  8.39976817e-02 -3.45724821e-02  7.07375929e-02 -1.95020009e-02
  3.34520638e-02 -3.21622379e-03 -2.95332745e-02  1.04122326e-01
  1.05463341e-03  1.42701287e-02  1.60106961e-02 -4.52200323e-02
 -3.70025970e-02  8.21786746e-03  6.93931244e-03 -3.55601273e-02
 -2.08373796e-02 -5.50019071e-02 -6.62173778e-02  2.29478125e-02
  2.17450410e-02 -5.37680201e-02 -8.83517042e-03  4.50029969e-02
 -1.24180503e-01 -4.27650400e-02 -7.03906408e-03  2.85703689e-02
 -1.12716397e-02  3.96388285e-02 -5.82399964e-02 -8.68292525e-02
  9.04640332e-02  2.48281080e-02 -5.28813107e-03  3.92811410e-02
 -1.56268068e-02  3.86517532e-02 -4.63689007e-02 -5.45501001e-02
  2.44475249e-03  4.69435789e-02 -5.31325527e-02 -2.40766555e-02
 -3.64115834e-02 -8.27274695e-02  1.78250438e-03  6.97965026e-02
  2.02328768e-02  1.48505892e-03 -3.39485426e-03  2.61672232e-02
 -4.67783250e-02  4.49975720e-03  8.13929439e-02 -7.66589195e-02
 -4.30611074e-02  6.51293322e-02 -3.10960561e-02 -9.77912545e-03
 -2.73810532e-02  2.19407957e-02 -6.25189953e-03  2.53189877e-02
  5.46009541e-02  6.21822141e-02 -2.29313616e-02  4.40506265e-02
 -1.08227909e-01 -2.30194908e-02  2.62774564e-02  6.86869305e-03
 -1.49981771e-02  3.01756766e-02  1.41296703e-02 -3.75904003e-03
  7.43074268e-02 -7.09858444e-03 -9.31320414e-02  1.11622654e-01
 -7.34093040e-02  9.54496302e-03  1.72751378e-02 -2.52556968e-02
 -3.75039224e-03 -3.78135883e-04  9.66318995e-02 -7.94184674e-03
 -8.51802006e-02 -1.88271198e-02  9.69655737e-02 -3.28543912e-33
 -4.95393500e-02 -3.30196172e-02 -1.79537646e-02  5.48546277e-02
  2.03689914e-02  1.10317608e-02 -5.81715629e-02 -6.71342015e-02
  6.71694949e-02  3.05499025e-02 -2.98895314e-02 -6.23992868e-02
 -1.54288877e-02 -8.34565237e-02 -5.29064126e-02 -1.03887562e-02
  2.93858647e-02  7.31266439e-02  3.15425694e-02  1.27103226e-03
  6.70643076e-02 -6.71108216e-02 -3.62776779e-02 -8.31216797e-02
  5.95430695e-02  9.79399160e-02 -7.84267560e-02  3.13734636e-02
  6.45154566e-02  2.58500986e-02 -1.03498228e-01  2.27939170e-02
  8.74066502e-02  4.93312161e-03  2.84524094e-02  2.84640938e-02
  4.34371457e-03 -8.11653882e-02 -4.07405235e-02 -4.72996831e-02
  7.68163353e-02 -8.75341427e-03 -3.56856920e-02  2.81542968e-02
 -9.33277979e-03  2.16443650e-02 -4.51683812e-02 -3.31769921e-02
  2.13487502e-02  1.09274507e-01 -8.94122273e-02  4.38668020e-02
  2.90336609e-02 -1.09502271e-01  6.84940815e-03 -5.03994264e-02
  6.31916225e-02  1.66865624e-02 -8.42533186e-02  4.23339754e-02
  2.80923713e-02  6.15085959e-02  5.86146414e-02 -3.13927680e-02
  7.99745545e-02 -3.84896286e-02 -1.09162077e-01 -8.06766842e-03
  4.83731590e-02 -7.36606717e-02 -7.61748329e-02  3.35832871e-02
  3.66934277e-02  2.69750375e-02  6.62580952e-02 -1.03044081e-02
 -4.52290922e-02 -2.04623281e-03  3.99383679e-02 -1.19733855e-01
  5.01830019e-02  9.54439864e-03 -3.39922123e-02  6.34921566e-02
  5.52562103e-02 -2.41775457e-02  1.55079430e-02  1.36863515e-01
 -4.73939478e-02  9.89156589e-03  4.50153835e-03  6.29249066e-02
  5.79396449e-02 -5.97788692e-02 -5.35649210e-02  1.71162079e-33
  3.21097225e-02  5.62551729e-02 -3.67142409e-02  3.82733494e-02
 -3.45996134e-02  5.10927513e-02  9.02503952e-02 -1.69869792e-03
  7.11281225e-02  5.69409356e-02 -1.63217988e-02  7.62409577e-03
  1.84465386e-02 -3.85536924e-02  6.12408668e-03  5.28118052e-02
  7.12052509e-02  6.37469068e-02  5.19802347e-02  4.80673090e-02
 -1.46468878e-02 -4.21869792e-02 -7.66721293e-02  4.49462608e-02
 -1.52259571e-02  7.91964903e-02  4.10692915e-02  4.70685959e-03
 -8.85331407e-02 -3.74855883e-02 -8.85116123e-03  6.38390519e-03
  7.06209010e-03  5.33023179e-02 -5.05430289e-02  3.70593742e-02
  1.48334652e-02  1.32650018e-01 -2.52037402e-02  2.51829438e-03
 -1.77918039e-02  1.68632828e-02 -7.49672800e-02  2.50146892e-02
 -5.89379035e-02  7.13663315e-03  3.29884179e-02 -4.54548709e-02
  2.28022728e-02  9.05946922e-03  2.45231390e-02  2.86489669e-02
  2.32262518e-02 -6.18204707e-03  1.36828348e-02  6.45737201e-02
 -3.24595283e-04 -5.32471836e-02  7.98529610e-02 -8.26889202e-02
  3.15981507e-02  1.03731584e-02 -1.34942532e-02 -1.14005446e-01
  1.05946986e-02 -2.76816357e-02  4.06631967e-03  8.55522007e-02
  4.77459989e-02 -1.53819378e-02 -2.12170947e-02 -6.41559511e-02
 -7.11236242e-03 -4.61598014e-04  8.66583958e-02 -2.92852074e-02
 -2.43412405e-02  1.70298796e-02 -6.44072592e-02 -7.97354523e-03
  1.81738939e-02  3.72515358e-02 -6.29478842e-02  4.75074947e-02
  7.51758963e-02 -7.25569250e-03 -1.56429154e-03 -8.58419687e-02
  2.73860828e-03  4.36548740e-02 -1.01999547e-02  1.29093686e-02
  7.51633123e-02  4.34407629e-02 -1.02399103e-01 -1.72083983e-08
 -2.63767913e-02  1.44508854e-02  3.46009620e-02 -2.32893433e-02
  2.48837899e-02 -5.47504425e-02 -4.63844370e-03  1.00025665e-02
 -4.10278589e-02 -3.45846079e-02 -9.51072201e-02  2.85218433e-02
 -4.72080894e-02  7.12579302e-03  3.60625535e-02 -4.67562396e-03
 -7.71696642e-02 -6.66274726e-02 -5.51774129e-02 -9.30307731e-02
 -6.13251850e-02  3.66071090e-02 -4.38172482e-02  6.29148213e-03
  3.12854201e-02  5.19824028e-02  1.26544023e-02  2.23379582e-03
  1.11505285e-01 -5.55272819e-03  8.39648303e-03  6.73050154e-03
  1.06716994e-02  5.61921624e-03 -4.35293876e-02  1.42009072e-02
  3.75150964e-02  2.93189399e-02  3.91608588e-02 -2.75978614e-02
 -7.19564408e-02 -3.08876508e-04 -1.80693120e-02  3.03875115e-02
  8.77181813e-02  4.46377546e-02 -6.87972456e-02 -5.37719298e-03
 -1.35043591e-01 -5.40526062e-02 -1.32771926e-02  1.21512748e-02
 -3.96555141e-02  1.15611874e-01  8.26868787e-02 -3.62597518e-02
 -2.08352879e-02 -7.73602650e-02  1.11250337e-02  3.98371406e-02
 -6.65186793e-02  1.00952528e-01 -4.74744625e-02 -3.18895280e-02]",0
proj_test,19,What could be improved?,"It was not badly organized, but communication could be improved.","It was not badly organized, but communication could be improved.",negative,-0.6,False,"[ 5.25546297e-02  4.02636640e-02  4.59798910e-02  4.71926440e-04
 -1.90405585e-02 -5.44930622e-02 -1.04173064e-01 -6.50176406e-02
 -4.20034342e-02 -1.89510710e-03 -5.51275630e-03  1.11682117e-01
  4.58352873e-03  1.74310505e-02  4.46085930e-02 -4.68572192e-02
  6.30255863e-02 -5.94836511e-02 -2.36333758e-02 -6.62842840e-02
 -2.39477288e-02  2.99835280e-02  7.66261145e-02  1.91036072e-02
 -5.32043213e-03  1.01210140e-01 -5.60314022e-02 -1.72697045e-02
 -3.17138084e-03 -6.30638376e-02 -6.02957269e-04  4.55956683e-02
  1.25851929e-01  4.91798408e-02 -1.38282878e-02  1.05257615e-01
  9.67534482e-02  9.76064894e-03  6.84436923e-03 -5.47768399e-02
 -4.67660800e-02  3.49792093e-02  6.32504001e-02 -2.64753401e-02
 -5.00712208e-02 -2.99372561e-02  1.73752792e-02 -4.61678244e-02
 -1.07061498e-01 -7.12085739e-02  2.58249007e-02 -1.14774117e-02
  2.17023082e-02 -5.05427644e-02  1.70130059e-02  7.91426525e-02
 -4.86242995e-02 -2.58238730e-03  2.97595579e-02 -6.14740923e-02
  1.96298677e-03  7.01495726e-03  2.21858937e-02  2.18219012e-02
  3.91703323e-02 -9.48236976e-03  6.11509476e-03  6.28243163e-02
  5.25611490e-02  5.95218688e-02  7.06857145e-02  2.29721051e-02
  4.79453355e-02 -4.54009101e-02 -1.18361209e-02 -8.42324167e-04
 -3.81236263e-02 -3.52638611e-03  1.25853950e-03 -5.29411808e-02
  3.58544849e-02  1.15239834e-02 -7.63911381e-03  8.75247121e-02
  2.11019628e-02 -4.81610037e-02 -2.32572518e-02 -1.13523684e-01
 -8.87923464e-02 -2.29098764e-03 -7.61806360e-03  1.04325740e-02
  7.34905005e-02  1.35767208e-02 -1.87350679e-02  5.53709753e-02
  4.36814921e-03 -1.09359575e-02  2.91540325e-02  8.35059881e-02
  1.27683720e-03  8.22075531e-02 -2.12297533e-02 -9.59038287e-02
 -9.89880338e-02 -5.15180565e-02 -1.92302652e-02 -1.14553617e-02
 -1.03862569e-01 -6.02600398e-04 -5.19267023e-02  4.06617746e-02
 -2.09112857e-02  4.86667082e-03  2.98243910e-02  3.33671309e-02
  2.65786909e-02  3.94961610e-02 -1.08060818e-02  6.73462525e-02
  8.16957653e-02 -6.22655973e-02  1.05135599e-02  4.57141921e-02
 -1.86889209e-02  7.09087774e-02  1.51458178e-02 -3.09649787e-33
  2.19618753e-02  1.99693907e-02 -4.28099483e-02  1.08077884e-01
  8.26529637e-02  7.02460036e-02 -5.62123675e-03 -2.21024975e-02
  2.48992667e-02 -3.10961064e-02  5.83308563e-02  4.09853905e-02
  3.71396877e-02  1.18503487e-02  1.04336657e-01 -7.53352195e-02
 -8.26059729e-02  7.67217800e-02 -4.95361090e-02 -7.93632716e-02
 -9.72993765e-03  3.76695907e-03  2.45921072e-02 -7.36955032e-02
  9.50661823e-02  5.39127961e-02  5.12413345e-02 -2.00741608e-02
  2.86426377e-02  6.67526899e-03 -2.96508111e-02  1.19001698e-03
 -8.42981320e-03  1.95254534e-02  6.75469637e-02  3.28829922e-02
  3.34305800e-02 -1.27271339e-01  3.16489860e-02  6.52012601e-03
  4.16458659e-02  4.54204669e-03 -3.14998887e-02 -8.09124950e-03
  8.05336460e-02  1.54278487e-01  1.07313152e-02 -2.44757496e-02
  2.50191409e-02  6.30227709e-03 -1.41074304e-02 -1.57921258e-02
  2.61064945e-03 -2.60213483e-02  1.46639040e-02  5.90325193e-03
  1.63274650e-02  1.04049649e-02  5.14103845e-02  5.91818802e-02
  3.05996090e-02  5.62497713e-02 -1.23064239e-02  2.86285412e-02
  6.64230362e-02  4.56788857e-03 -7.83332735e-02  3.12132798e-02
  4.71117273e-02 -8.27394202e-02 -3.66551839e-02  4.24379483e-02
 -6.19774126e-02 -1.85068173e-03 -2.68627200e-02  5.71680553e-02
 -4.27031070e-02 -3.80851105e-02 -3.46297882e-02 -1.05968351e-02
  2.72333175e-02 -4.64647189e-02  5.87995397e-03  1.69188622e-02
  7.54752234e-02 -2.49659922e-02  8.53613764e-02  3.32414098e-02
 -7.79750720e-02  7.65622631e-02 -6.37547597e-02  1.74911339e-02
  4.69286963e-02  1.32875508e-02 -1.86963920e-02  1.42346580e-33
 -4.00839783e-02  6.21835925e-02 -2.15798318e-02  3.70010082e-03
 -4.45105620e-02 -2.46109325e-03 -2.23214664e-02 -9.54786912e-02
  3.77305560e-02  7.12044612e-02 -2.34157722e-02 -3.94669268e-03
  3.69579461e-03 -6.46748254e-03  1.01454509e-02  1.13831647e-02
  8.05264190e-02 -5.26888594e-02  4.80668060e-02 -2.30333600e-02
  2.19297539e-02  7.26345405e-02 -7.00312257e-02  9.24433209e-03
 -4.62569185e-02  5.68618104e-02 -9.65328887e-02 -7.83379078e-02
 -1.73751898e-02  1.75020471e-02 -1.02567756e-04 -1.59393791e-02
 -4.66628037e-02  5.90887554e-02 -8.00437946e-03  6.11946434e-02
  2.66503915e-02 -2.18177438e-02 -3.23950425e-02 -2.37296596e-02
  4.18554060e-02  2.70436555e-02 -1.47595659e-01  4.16521840e-02
  1.78071868e-03  1.87930814e-03 -5.57207577e-02  8.23019817e-03
 -7.21992478e-02  5.28956801e-02 -3.77953686e-02 -2.38172766e-02
 -1.08451135e-02 -8.45755488e-02 -1.94708910e-02  4.55586016e-02
 -3.97259230e-03 -6.04866706e-02  1.19039267e-02 -7.55441980e-03
 -7.81663954e-02  3.05047836e-02 -2.67224461e-02 -7.15383887e-02
  6.81338757e-02 -1.37832640e-02  3.54277366e-03 -1.24274939e-02
 -1.08220689e-02 -5.10950014e-03  4.45114672e-02 -6.42456785e-02
 -9.10620540e-02  8.98086056e-02  5.51347174e-02  5.93581088e-02
 -4.87978309e-02  6.11440651e-03 -6.97004497e-02  3.69135886e-02
 -5.55238687e-02  1.45589337e-02 -5.05026914e-02 -1.00382879e-01
  7.53879175e-02  6.54068515e-02  8.74721445e-03 -3.39406058e-02
  4.41195183e-02  4.67285737e-02 -2.93592177e-02 -9.16570053e-02
  7.51727894e-02  8.66569392e-03 -1.90600958e-02 -2.13985398e-08
 -4.76378053e-02 -3.20556909e-02  3.63162532e-02  1.31593952e-02
  4.41108905e-02 -1.26915649e-01  2.90939175e-02  8.25409070e-02
 -2.36520730e-03  7.31894001e-02 -7.49357715e-02  3.84532996e-02
 -9.89899412e-02  7.03976378e-02  2.71142945e-02  9.96398553e-03
 -3.35812606e-02 -4.32482325e-02 -9.39669386e-02 -3.88176627e-02
  5.77314943e-02  8.05834681e-03 -1.33742481e-01 -2.67728139e-03
 -2.02098228e-02 -4.81099077e-03  1.66796334e-03 -3.43372598e-02
 -6.38113916e-02 -9.14447568e-03 -1.45670678e-02 -4.33770381e-02
 -3.73084210e-02  4.92031239e-02 -4.57063653e-02  2.95178755e-03
 -7.73838013e-02 -2.05964949e-02  4.62243222e-02 -9.63400155e-02
 -4.06660959e-02  2.10516285e-02  4.79614586e-02  8.30351636e-02
  9.20120478e-02  1.83425844e-02 -7.78241828e-02 -3.34471092e-02
 -3.14118825e-02 -1.55294150e-01 -3.51726934e-02  6.99423403e-02
 -2.68130191e-02  2.27100719e-02  3.88597995e-02  1.49926934e-02
  2.82710586e-02 -2.01838114e-03 -2.60102525e-02  3.66877834e-03
 -2.40330454e-02  3.48955765e-02 -9.49820727e-02  2.14525498e-02]",0
proj_test,24,What could be improved?,"There was a lot to learn, but sometimes the instructions were difficult to follow.","There was a lot to learn, but sometimes the instructions were difficult to follow.",negative,-0.5023,False,"[ 2.47571450e-02  4.78806533e-02  1.31007796e-02  1.98104847e-02
 -8.08220431e-02  9.31942184e-03 -8.76844302e-02 -1.14024174e-03
 -1.12271160e-01  1.21619990e-02  4.43886928e-02  1.23321615e-01
  1.44810453e-02 -1.09480778e-02 -2.37123575e-02 -7.06906393e-02
 -4.63503823e-02 -5.00040576e-02 -2.93602590e-02 -7.38534480e-02
 -3.06324493e-02  7.06679514e-03  4.61292043e-02 -2.06936784e-02
 -9.74193402e-03  6.53760359e-02 -5.88655621e-02  4.84198332e-02
  7.34746158e-02 -3.60568240e-02 -2.86732968e-02  6.73252866e-02
  9.55224782e-02  6.98670745e-03 -4.64520082e-02  4.61785011e-02
  4.67869267e-02  2.03295909e-02 -5.76285794e-02  6.41624629e-03
 -1.29250661e-02  1.05877528e-02  3.09315901e-02 -3.38072330e-02
  1.00308470e-02  1.90004092e-02 -5.58939017e-02 -8.81592110e-02
 -3.23059061e-03 -2.89687812e-02 -2.03171205e-02 -7.81812891e-02
  1.16003118e-03 -8.04070979e-02  6.38968684e-03  3.12352404e-02
  3.41596939e-02  7.01331943e-02  4.03765552e-02 -2.48245094e-02
 -5.58838174e-02 -6.12690262e-02 -5.36070317e-02  4.95938398e-02
  3.48922163e-02 -3.11200917e-02 -1.00411382e-02 -5.78582771e-02
  9.39357132e-02 -1.71753094e-02 -1.08203597e-01  1.53143844e-02
  1.21256541e-02  2.62138583e-02 -1.66410152e-02 -2.12375913e-02
  4.30804826e-02 -7.51694711e-03 -6.52222037e-02 -6.41768575e-02
 -1.10169034e-02 -1.65491514e-02 -3.59279220e-03  1.39623195e-01
  1.45818768e-02 -6.16274364e-02  1.05583351e-02 -8.79974198e-03
  4.87147085e-02 -1.09111657e-02  1.50059640e-01 -1.14887338e-02
 -1.40441349e-02  5.54200588e-03  2.74938196e-02 -1.44010223e-02
 -2.08421033e-02  1.22398920e-02 -3.35648619e-02  7.04559535e-02
  4.83471155e-03 -1.97355505e-02 -3.58776189e-03 -2.74996161e-02
 -4.67701741e-02 -2.51690075e-02  2.47816667e-02 -1.32279294e-02
 -2.22946368e-02 -7.19647482e-02 -3.10126822e-02  7.90788047e-03
  2.89286114e-02 -5.88175666e-04  2.05830541e-02  6.88111931e-02
 -4.58944328e-02 -4.55603339e-02 -1.78458565e-03  8.13345239e-02
  4.26026694e-02  5.76199638e-03 -4.20417078e-02  3.25838551e-02
 -2.80920770e-02 -1.24790566e-03  2.01597810e-02 -5.23283800e-33
  1.16693884e-01  7.28528053e-02 -2.78052706e-02  4.94897589e-02
  2.69583091e-02  1.52780209e-02  1.02629354e-02 -9.16835107e-03
  5.59114292e-03  1.51294526e-02  1.42274871e-01 -7.93738198e-03
 -1.17639182e-02 -4.94263954e-02  4.33555879e-02 -1.14712650e-02
 -9.19127539e-02  3.38022150e-02 -2.24504229e-02 -9.66514519e-04
  2.86767799e-02 -3.99223119e-02  5.58043420e-02 -8.48833919e-02
  1.55591965e-02  9.31693763e-02  4.93322499e-02  6.39388710e-02
  7.68480450e-02  1.83813516e-02  3.74219008e-03 -3.64631638e-02
 -5.06137088e-02  2.95548923e-02  6.43703267e-02 -2.40870584e-02
  1.09319903e-01 -8.15528333e-02  1.89399030e-02 -3.05794850e-02
  4.38551046e-02  1.69118196e-02  4.98657040e-02 -1.66922454e-02
  7.39196595e-03  1.06912896e-01 -8.25609721e-04 -4.98638600e-02
 -3.82577479e-02  6.43953010e-02 -7.44521022e-02 -1.58068798e-02
  2.71889493e-02 -6.17184453e-02  5.63249812e-02  1.06828183e-01
  2.27072020e-03  5.67800850e-02 -3.42764109e-02  4.58441339e-02
  7.29264040e-03  1.34665489e-01  6.20097630e-02  7.25344047e-02
 -3.53977494e-02  3.58836316e-02 -8.06458220e-02  5.17577380e-02
  6.37526289e-02 -4.85572293e-02 -1.36664271e-01 -1.07104648e-02
 -5.55088222e-02 -8.39645192e-02  2.85059903e-02 -1.72448065e-02
 -7.45610613e-03 -6.22532032e-02  2.06004195e-02 -7.95672983e-02
  4.52681296e-02  3.19275670e-02 -2.18561571e-02  2.87263710e-02
  1.06842387e-02 -7.10120350e-02  5.50810955e-02 -2.05463171e-02
 -1.82479825e-02  6.79825619e-02  3.04196440e-02 -1.59866810e-02
  1.41380420e-02 -6.62791282e-02  2.69289166e-02  3.26399774e-33
 -8.57094303e-02  3.58877964e-02  1.33132341e-03  7.03098550e-02
 -2.97727063e-02 -1.75092008e-03 -1.05637051e-02  1.12461289e-02
  1.05691198e-02  2.39444594e-03 -2.19264701e-02  1.46693375e-03
 -6.94275126e-02 -2.83313952e-02 -4.75280769e-02 -6.82401378e-03
 -4.93560210e-02  6.36441559e-02  9.23682451e-02  7.20814196e-03
 -1.99524797e-02  2.26804372e-02 -5.78259453e-02 -4.09078988e-04
 -8.52226093e-02  6.02963716e-02  7.05565233e-03  2.09252052e-02
 -6.04991801e-02 -1.39452470e-03  1.75136011e-02  1.90455765e-02
 -4.76308838e-02  7.91334510e-02 -5.43080196e-02  7.05161318e-02
  2.31787618e-02  1.01924673e-01 -5.19191362e-02 -4.99205738e-02
 -1.16698565e-02 -5.48832910e-03 -7.15968907e-02 -7.38824829e-02
 -3.22335660e-02  1.65411532e-02  3.84240597e-02 -4.23235074e-02
 -1.19485734e-02  2.32104231e-02 -2.02112719e-02 -3.39132659e-02
 -3.36207268e-05 -9.90566611e-02 -6.00810647e-02 -1.79716069e-02
  6.73437715e-02 -2.92589571e-02  3.86564843e-02 -1.42102800e-02
 -4.80768234e-02 -2.76749991e-02 -8.81979521e-03 -5.80714419e-02
  2.85640508e-02 -4.73827915e-03 -7.10409805e-02  4.45756838e-02
 -7.26836398e-02  1.17587727e-02 -3.77092585e-02 -9.49853472e-03
  5.11560179e-02  1.90264173e-02  3.33705358e-02 -2.60718372e-02
 -9.89462137e-02 -5.50390109e-02 -1.28328502e-01 -5.09658605e-02
  1.07972939e-02 -5.41614890e-02 -1.17709422e-02  4.01504561e-02
  2.53098905e-02  1.31211698e-01  2.14294307e-02  4.52692993e-03
  2.42884513e-02  3.03706322e-02  4.37304154e-02  4.67108637e-02
  1.13266140e-01  3.34172025e-02 -5.48458882e-02 -2.33832296e-08
 -8.31668675e-02  8.95328075e-03  7.03554153e-02 -1.39506944e-02
  6.43335953e-02  1.79317389e-02  1.29646026e-02  1.00366943e-01
 -7.50401691e-02  7.16180652e-02 -8.37056041e-02  7.47327209e-02
  1.69740934e-02  4.30584140e-02  5.30659854e-02  5.01810946e-02
  4.51933555e-02  4.53355303e-03 -4.96984571e-02  5.19959778e-02
  4.39685397e-02 -1.88506059e-02  2.13535652e-02 -4.50284667e-02
 -1.84562244e-02 -3.93969268e-02 -4.24022377e-02  2.46023498e-02
 -6.33137301e-03 -9.11380351e-03 -4.04602941e-03 -2.50705089e-02
  3.09033543e-02  1.92607362e-02 -3.45407543e-03  5.21825105e-02
 -3.09791230e-02 -7.80646354e-02  2.28564572e-02 -1.02820076e-01
 -8.17528889e-02  3.12646292e-02  3.61997597e-02  6.81003183e-02
  1.04293069e-02  2.47017331e-02 -2.28983108e-02 -5.24897575e-02
 -6.02193363e-02 -4.59616520e-02  7.41620958e-02  2.33075153e-02
 -6.74939528e-02  2.12633237e-02  1.28284678e-01 -1.34666134e-02
  1.78157408e-02 -1.02021620e-01 -5.99927232e-02  7.78092295e-02
 -5.92816882e-02  1.29190445e-01 -2.63776965e-02  1.06224818e-02]",3
proj_test,39,What did you learn?,This mobility helped me think more seriously about my future career.,This mobility helped me think more seriously about my future career.,negative,-0.2484,True,"[-4.98211768e-04  2.37933174e-02  4.84241955e-02  2.28722524e-02
  2.81548370e-02 -5.13855442e-02  9.88953859e-02  7.27963299e-02
  9.81814880e-03 -4.15119529e-02 -5.51773328e-03  9.60576907e-02
  1.60247386e-02  2.42623064e-04  3.03417146e-02  4.73068506e-02
 -4.27346639e-02  1.26037179e-02 -4.73041162e-02  1.94332376e-03
 -4.16407883e-02 -1.88168734e-02  1.18748015e-02  4.18966375e-02
  2.39786110e-03  4.68234271e-02 -1.30801927e-02  1.14355916e-02
 -5.00192808e-04 -2.89264135e-03  1.17769670e-02  1.76139936e-01
 -9.19119418e-02  3.54507938e-02 -4.97875512e-02 -9.40820388e-03
  1.93387698e-02  6.07520118e-02  4.22499068e-02 -7.32399821e-02
 -6.35563955e-03 -8.02352130e-02  8.71839970e-02  2.03686077e-02
 -3.28470045e-03 -8.24019983e-02  5.50702289e-02 -7.61519652e-04
 -3.68276681e-03 -4.41835150e-02 -1.52779873e-02 -5.57095930e-02
  1.25838481e-02 -4.50212285e-02  1.34813953e-02  1.01962693e-01
 -6.70676585e-03  5.93952648e-02 -2.78619863e-02  1.48823280e-02
 -5.36379293e-02  1.81528423e-02 -8.85264855e-03 -5.56351908e-04
 -2.38079466e-02 -3.04030650e-03 -1.23583907e-02 -2.51306575e-02
 -4.92843091e-02 -4.62793075e-02 -2.43784231e-03 -4.67900299e-02
 -8.90230164e-02 -6.30328991e-03  8.42432603e-02 -5.73914545e-03
  4.08716947e-02  8.11586715e-03  2.09733788e-02  3.71867083e-02
  9.40471217e-02  4.99798357e-02 -5.85532822e-02  4.39579971e-02
 -1.54483346e-02 -5.98492362e-02 -4.83636335e-02 -1.66170262e-02
 -2.30151042e-02  8.61130282e-03  4.03335579e-02 -2.73430366e-02
 -2.40694284e-02  1.93012711e-02 -8.23623836e-02 -6.68259710e-03
 -1.21236444e-01 -6.26920015e-02  1.78360548e-02  2.07751039e-02
 -5.71875786e-03 -2.14410573e-02  6.99845999e-02  7.04831630e-02
 -3.99810933e-02 -2.19563786e-02  4.10098806e-02 -2.73381136e-02
  2.95522828e-02  6.80654049e-02 -3.32871452e-02 -8.15503672e-03
 -3.53332832e-02  6.88060671e-02 -4.28170003e-02  7.20529482e-02
 -1.17086358e-01  6.57697767e-02  5.65966368e-02  4.32502776e-02
 -5.71263470e-02  8.00681412e-02 -1.26303360e-02 -7.14990310e-03
 -2.01207250e-02 -8.84147212e-02 -1.68808189e-03 -3.47368830e-33
 -4.88680117e-02  4.07216847e-02  5.02969436e-02  1.09933957e-01
  7.58966506e-02 -4.97410856e-02 -5.62456399e-02 -1.28598921e-02
 -1.90367159e-02 -6.23704083e-02  4.30781813e-03  9.60321873e-02
  5.73161133e-02 -2.07266584e-02 -1.30259981e-02 -2.28358014e-03
 -1.72118396e-01 -1.27550205e-02  1.15528880e-02  5.95954955e-02
  4.71068136e-02 -3.68438028e-02 -3.43873538e-02 -2.11600829e-02
  2.66627278e-02  1.60733126e-02  2.61614211e-02 -6.65097088e-02
  7.07147494e-02  2.93000080e-02 -7.39063770e-02  1.03215277e-01
 -8.49825367e-02 -1.08107008e-01 -4.52890206e-04  8.37079734e-02
 -1.95181742e-02 -1.28452078e-01  1.55488346e-02 -3.30665261e-02
 -8.86297435e-04 -4.31516394e-02  2.19666888e-03  7.96233583e-03
  3.82874385e-02  8.99750814e-02  6.69102296e-02  3.86645645e-02
 -4.02185842e-02  3.29387002e-02 -5.41988872e-02 -1.99488606e-02
  3.57812233e-02 -8.08838308e-02  1.55828027e-02 -4.09593396e-02
  3.45656811e-03  3.82748693e-02 -3.42948246e-04  5.40334219e-03
 -1.19113484e-02 -2.15473287e-02 -5.83917685e-02 -1.02653226e-03
  1.47453342e-02 -2.12354641e-02 -5.72971739e-02  2.19216775e-02
  6.82735816e-02  4.09240052e-02  5.60911233e-03  5.00942068e-03
  4.52781841e-02  2.10684482e-02 -2.37674676e-02  2.62376666e-03
 -7.01456144e-02  1.65266022e-02 -7.14275390e-02 -8.94549489e-03
  3.69970500e-02 -1.02346763e-02 -4.32561301e-02  6.10077521e-03
  2.39743635e-01 -1.68234501e-02  7.32755512e-02 -1.03677616e-01
 -3.45405750e-02  5.95751218e-02 -1.12215253e-02 -4.26641814e-02
 -1.24565819e-02  1.36429099e-02 -1.24320872e-01  1.37386554e-33
 -7.34817563e-03  6.73055090e-03  7.64339641e-02  1.63312629e-03
  5.27821630e-02 -9.50064361e-02  7.62663782e-02  3.78955044e-02
  4.61199172e-02  5.25403507e-02  8.55157431e-03  2.64728218e-02
  5.50341234e-02  8.27628188e-03  2.04074550e-02 -5.78419529e-02
 -3.55099291e-02 -4.43630926e-02 -5.99974729e-02  4.35260311e-02
  6.04170263e-02  7.53864273e-02 -5.06715961e-02  1.13467485e-01
 -4.51556630e-02  1.91941448e-02 -1.14565175e-02  1.61904283e-02
 -1.07623255e-02  2.04745494e-02 -2.56852489e-02  2.15529576e-02
  5.11618424e-03 -5.58050461e-02 -1.51503598e-02  9.12967622e-02
 -2.36848127e-02 -3.19697782e-02  4.32357863e-02 -4.26939465e-02
 -1.93192307e-02 -7.53219426e-02 -1.04966974e-02 -1.25364065e-02
  2.38743965e-02 -7.77699128e-02 -2.42330302e-02  2.88076997e-02
 -2.69402619e-02 -2.61197165e-02  1.32925967e-02  8.41146931e-02
  6.04759157e-03 -8.55162926e-03  7.06437454e-02 -3.72743718e-02
  7.27463812e-02 -1.72235757e-01 -1.77104175e-02 -5.27306944e-02
 -3.27556580e-02  2.63435524e-02 -1.92590896e-02 -1.53741455e-02
  1.43269720e-02 -4.88481745e-02 -1.67302636e-03 -3.22868079e-02
 -6.48273826e-02 -1.56315714e-02  9.41376388e-03  1.22560905e-02
  5.44872321e-03  5.33615984e-03 -3.60253230e-02 -9.60659981e-02
  8.06805566e-02  5.77745736e-02  1.52417859e-02 -3.83006618e-03
 -3.73930000e-02 -3.32146361e-02 -5.54254919e-04 -3.22313569e-02
  3.71179706e-03  8.91068503e-02 -9.84270424e-02 -4.22841907e-02
  2.86282729e-02 -4.21558060e-02 -5.47086969e-02  4.16272730e-02
 -8.03112239e-02 -3.56892683e-02 -3.09589300e-02 -1.95076062e-08
 -5.26241027e-02  3.31310108e-02 -3.86880455e-03  3.60347368e-02
 -9.81457345e-03  5.85384406e-02  3.26436246e-03  5.33962585e-02
 -1.89793501e-02  1.66745745e-02 -3.36858556e-02 -2.44136974e-02
  4.81112525e-02  1.07595764e-01  1.10831313e-01  4.43285666e-02
  9.52955782e-02  1.76798254e-02 -2.68539637e-02  4.59695719e-02
  1.26145557e-02 -1.63602252e-02  2.89347526e-02  4.44205776e-02
 -8.62968042e-02  5.82154049e-03 -5.99212013e-02 -6.69647604e-02
 -2.08526310e-02  4.44888435e-02 -3.20400298e-02  5.46534779e-03
 -5.36032170e-02 -4.20868583e-02 -8.05425271e-02 -9.51591763e-04
  4.28562015e-02 -2.26798318e-02  5.84203564e-02  2.03536339e-02
  6.47403859e-03 -6.69867219e-03  3.45445648e-02  1.10281743e-01
 -7.20398594e-03 -7.00400099e-02  1.74341816e-02  1.14776334e-02
 -3.60533521e-02  3.18827145e-02  2.52649914e-02  4.03757207e-03
  6.66665565e-03  2.69327853e-02  2.54716035e-02  2.73297671e-02
 -2.88604628e-02  1.28592029e-02 -8.62530544e-02  4.19885144e-02
  7.45163113e-02  1.01393387e-02 -7.05481321e-02  4.25010063e-02]",2
proj_test,47,Any other comments?,"I cannot say the organization was bad, but it was not smooth either.","I cannot say the organization was bad, but it was not smooth either.",negative,-0.3071,False,"[-3.32396962e-02 -1.47681208e-02  1.70430951e-02  3.53248790e-02
 -3.13995667e-02 -3.37387733e-02 -5.26627302e-02 -2.26697549e-02
 -6.66172877e-02 -2.44243219e-02  2.32768673e-02  7.55824298e-02
  2.11978629e-02 -1.09750107e-02 -3.80554758e-02 -2.55013071e-02
  2.58704275e-02 -3.46790887e-02 -9.14797839e-03 -2.20743082e-02
 -4.56624180e-02 -2.92876177e-02 -3.21843736e-02  3.92488539e-02
 -3.68047170e-02  1.86938047e-02 -7.07382783e-02  2.42877495e-03
  1.47176348e-02 -5.60267456e-02 -6.64455593e-02  3.53259854e-02
  5.33786938e-02  2.69147027e-02  3.13711576e-02  6.53339699e-02
  3.97010855e-02  1.62057858e-02 -1.55996546e-04  5.37164435e-02
  7.87242607e-04  2.70768739e-02  5.18952869e-02 -6.71565756e-02
 -1.05084721e-02 -5.64087555e-02  4.28931154e-02 -1.42508384e-03
 -5.69209605e-02  3.79044600e-02  6.00046553e-02 -7.78566077e-02
  4.55339551e-02 -7.75735453e-02  2.39342428e-03  1.08618252e-01
 -8.21935013e-02  3.79853286e-02 -2.73009017e-02 -4.03416902e-02
  6.31055683e-02 -7.91780725e-02  1.63905378e-02  6.12116568e-02
  9.01251063e-02 -3.40191983e-02 -2.76577119e-02 -3.44272070e-02
  1.16153974e-02 -2.07118243e-02  5.27427234e-02 -8.36450160e-02
  2.74436530e-02 -1.79580599e-02  9.31827165e-03  4.59369980e-02
 -1.47204911e-02  4.89782766e-02  4.03666832e-02 -4.58777696e-02
  1.14492141e-01 -3.65319476e-02 -1.85175594e-02  1.89517140e-02
 -4.14519949e-04  1.68238170e-02  3.54292914e-02 -5.95194027e-02
 -3.52018364e-02  4.84744199e-02  5.79091050e-02  9.94829759e-02
  1.14208937e-01 -2.68761590e-02  8.24321732e-02  1.78989768e-02
  4.82108369e-02  2.46636458e-02  2.78591737e-02  1.06794998e-01
 -5.65269850e-02  1.07395411e-01 -9.60766450e-02 -8.05184096e-02
  5.99341840e-03 -4.25369553e-02  3.26504558e-02  1.15656815e-02
 -4.65394370e-02  1.00974388e-01 -3.53102572e-02  7.41358399e-02
  1.79552473e-02 -4.51881625e-02 -3.13243754e-02  1.28363762e-02
  8.70053750e-03  2.12904476e-02 -7.73951039e-02  2.49877647e-02
  5.24919890e-02  2.83395536e-02 -2.18848512e-02  6.30400032e-02
 -6.89634532e-02  6.50305226e-02  2.30002943e-02 -6.83391273e-33
  2.67045964e-02  4.08154242e-02 -2.67404150e-02 -2.66391467e-02
  1.95751321e-02 -1.15527129e-02 -5.42611964e-02 -1.35281906e-02
 -3.79309095e-02  3.23209614e-02 -9.63411108e-03  4.71543670e-02
  3.31755094e-02 -7.35124722e-02  8.71745571e-02 -6.54949173e-02
 -6.34552762e-02  4.24994119e-02  3.51696205e-03  3.90728600e-02
 -2.32901610e-02  6.13182373e-02 -4.60427850e-02 -5.16103804e-02
 -3.22828144e-02  1.04332916e-01 -6.75370917e-02  7.38238767e-02
  5.02670333e-02  7.44291302e-03 -2.28727004e-03  1.71273239e-02
  9.37213656e-03 -6.19127154e-02  8.83794725e-02 -1.04590300e-02
  2.07528006e-02 -1.51668135e-02 -5.91817498e-03 -9.07879695e-03
 -6.14119545e-02  3.68119031e-02  4.18523885e-02  2.57777367e-02
  2.08896473e-02  6.43853024e-02  1.81603786e-02 -6.72765076e-02
 -1.74265914e-02  2.19122376e-02 -3.31503376e-02 -7.96458684e-03
  3.89391221e-02  3.96545455e-02 -1.95739698e-02 -5.33797545e-03
  1.98375862e-02  5.31798527e-02 -3.84592526e-02  3.67425233e-02
  3.94723564e-02  7.56360069e-02 -6.40874431e-02 -6.38571531e-02
 -5.15592471e-02 -1.85630731e-02 -3.54591981e-02  4.41252105e-02
  3.53654735e-02 -8.30186829e-02  4.10177857e-02  3.74630317e-02
 -6.32711947e-02 -3.39665152e-02 -1.57582550e-03  1.09710367e-02
 -4.08117324e-02  4.69867513e-02 -1.95185747e-02 -2.55329385e-02
  3.24047916e-02 -2.49378514e-02  5.78087606e-02 -3.53018939e-02
  3.96306161e-03 -1.87426768e-02  6.43089786e-02  3.77406739e-02
 -1.67297535e-02  1.08072542e-01 -7.01244920e-02  4.68358546e-02
  9.74509567e-02  8.47787708e-02  7.00042211e-03  4.13011189e-33
  5.84620843e-03  9.29910596e-03  1.10851089e-02  3.12876850e-02
  5.23821712e-02  4.49920334e-02  9.16709844e-03  2.68756095e-02
  6.24167547e-02  7.26931095e-02  8.39648619e-02  3.11880969e-02
 -4.07471322e-02  2.19911430e-02  3.36935073e-02 -2.81696543e-02
  5.17915487e-02 -3.74304093e-02  4.57223393e-02 -4.48978543e-02
  5.38358428e-02  2.00528428e-02 -4.82702255e-02  7.05623906e-03
 -2.11602841e-02  5.40149435e-02 -8.08180794e-02 -7.30136856e-02
 -5.79920523e-02 -7.33907754e-03  6.21180162e-02  4.41609547e-02
 -1.11761488e-01  5.83641194e-02  2.49678064e-02  7.15725496e-02
 -7.46909305e-02  2.09813938e-02 -3.68181542e-02 -1.48678362e-01
  2.33938191e-02  1.45677356e-02 -6.56295717e-02  3.61694023e-02
  2.61847302e-02  1.80128030e-02 -1.08842207e-02 -6.28510863e-02
 -6.01667166e-02  6.03530928e-02 -1.43809751e-01 -1.70500800e-02
 -2.33604759e-02  3.64538319e-02  2.57892739e-02  7.84974545e-02
 -3.97358350e-02 -6.08757325e-02 -2.89131142e-03 -1.15679838e-02
 -6.66392744e-02 -9.43360943e-03 -1.03695258e-01 -2.27688090e-03
  4.71245088e-02 -2.86910459e-02 -1.35340635e-02 -3.84153873e-02
 -7.49717578e-02  1.89379510e-02 -4.82761525e-02 -6.54741377e-02
 -1.00973912e-01  8.09190944e-02  1.61657762e-02 -1.75360329e-02
 -1.10929832e-02 -3.31634958e-03 -5.51129468e-02  1.47243049e-02
 -4.02247580e-03  2.07103509e-02 -7.28131384e-02 -1.41921602e-02
  2.39386018e-02  5.07501289e-02  3.78533006e-02 -4.30997312e-02
 -1.50758233e-02  1.78453475e-01  2.70022508e-02 -1.68524981e-01
  7.00137541e-02 -1.36270523e-02  3.17576602e-02 -2.32960282e-08
 -1.15178386e-02  2.80422159e-02  4.26903293e-02  1.95312984e-02
 -1.30478023e-02 -1.19033210e-01 -2.61107031e-02  4.40759286e-02
  4.17857841e-02  4.83556688e-02 -5.06662987e-02  2.52755191e-02
 -1.29528552e-01 -2.09333450e-02  2.06645355e-02  1.06234690e-02
 -9.50756446e-02  8.44232365e-02 -5.46817891e-02 -1.38667924e-02
 -2.79574301e-02  5.95045425e-02 -9.37839970e-02 -3.43931392e-02
 -1.99822951e-02  8.87976959e-03  6.12044847e-03 -3.35417390e-02
 -6.39618188e-02 -4.83821929e-02 -1.21668736e-02  3.82771194e-02
 -4.26905379e-02  1.15947956e-02 -9.44465846e-02 -7.13714818e-03
 -3.82917002e-02 -4.26159091e-02  5.53817600e-02 -2.03189682e-02
  3.54896928e-03  1.18439913e-01  4.26939949e-02  1.30342487e-02
  1.14689218e-02 -2.68442407e-02 -1.78276433e-03 -2.33042371e-02
 -1.03301713e-02 -1.21922702e-01  6.47111759e-02  5.46021014e-02
 -8.87520313e-02  1.80972973e-03  3.65584046e-02 -7.79731944e-02
 -1.89858638e-02 -8.80054478e-03 -5.26071601e-02 -1.73582807e-02
 -5.40730730e-02 -7.20359236e-02  2.07993127e-02  4.32653278e-02]",0
proj_test,52,What could be improved?,Not everything was clear from the beginning.,Not everything was clear from the beginning.,negative,-0.2924,False,"[ 5.03596812e-02  3.83897778e-03  5.39801233e-02  2.25135381e-03
  4.63415682e-02  7.45205209e-04 -2.03637108e-02 -4.12010513e-02
  4.61237133e-03  1.67093165e-02  6.72542974e-02  9.98939127e-02
 -2.99985870e-03 -1.23352706e-02 -4.91993092e-02 -8.09221994e-03
  2.13280227e-02 -6.64837956e-02 -3.23029310e-02 -2.39164103e-03
  9.66478325e-03  6.96601868e-02 -1.20899705e-02  5.24096377e-03
  1.80819668e-02  1.12878397e-01  1.45104099e-02  1.94912348e-02
  6.91980198e-02 -2.64928062e-02  7.82575738e-03 -2.83605810e-02
  8.52163509e-02 -8.26516282e-03 -2.07084082e-02  7.85796568e-02
  3.84260602e-02  2.29765307e-02  3.70639190e-02 -4.70887590e-03
  2.77138688e-02 -9.02069453e-03 -6.92319348e-02  6.21431880e-02
  2.20293086e-03 -4.86640818e-03  4.79166470e-02 -4.07498479e-02
  4.18489650e-02 -5.42014204e-02  2.90733259e-02 -3.28747220e-02
 -1.51308263e-02 -8.71332213e-02  4.60471436e-02  2.14272141e-02
 -7.62348995e-03 -2.81248279e-02  4.43776250e-02 -3.00663710e-02
 -9.99660045e-02  9.36820824e-03 -2.26452965e-02  6.75948486e-02
  1.20137580e-01 -3.78079936e-02 -2.79701781e-02 -3.97435427e-02
 -1.08941430e-02  8.24794397e-02 -2.90427059e-02  6.10309094e-02
  1.04211427e-01 -2.36167163e-02 -6.96434230e-02  1.30826458e-02
 -1.51766697e-03  5.43012470e-02 -2.20086928e-02  3.88694443e-02
  1.20231919e-02 -8.35418031e-02 -2.12548077e-02  3.61645892e-02
 -3.02243941e-02  2.37556025e-02  1.73223820e-02 -1.14730373e-01
 -7.89503455e-02  3.57100777e-02  1.22531755e-02 -4.31396402e-02
  6.72162045e-03  5.15746810e-02 -9.85316001e-03 -3.34162125e-03
  3.01257800e-02 -4.32240143e-02  8.95371810e-02  1.00742705e-01
 -1.37175377e-02 -2.09089182e-02  2.21596193e-02  5.91017026e-03
 -2.78526433e-02 -1.20190233e-02  7.08423555e-02 -1.00959418e-02
 -5.49676977e-02  2.07662676e-02 -2.85965540e-02 -9.95952636e-02
  5.97904669e-03  2.68510282e-02  6.34470582e-02 -9.62325372e-03
  1.04034552e-03  5.27212350e-03 -2.86672786e-02  7.10518658e-02
  5.60723394e-02 -8.72967113e-03 -7.77273476e-02  9.17251632e-02
 -6.91661388e-02 -2.67537031e-03  7.17675090e-02 -4.91548134e-33
  3.71483713e-02 -6.31954297e-02 -6.07166663e-02  1.19760424e-01
 -1.62466839e-02  7.02019781e-02 -8.39240104e-03 -1.81739964e-02
  4.37532999e-02  9.37185064e-02  4.17078659e-02  2.93455049e-02
 -8.22873637e-02 -3.64720114e-02  9.97941289e-03  4.14908789e-02
 -4.27490808e-02  6.66310489e-02  2.30689924e-02  1.36776175e-02
 -2.34174412e-02  1.67121142e-02 -2.69723944e-02 -9.02925283e-02
  1.69973336e-02  4.20598425e-02  2.54537985e-02  9.95250884e-03
 -2.53311098e-02 -3.61742713e-02 -5.37810475e-02  4.47677448e-02
  4.24844027e-02  7.78372108e-04  8.39801971e-03  5.50644845e-02
  4.79652807e-02 -7.03435391e-02 -4.38538566e-02 -3.62568423e-02
  1.54465735e-02  4.74978723e-02 -6.40289634e-02 -5.53039834e-02
 -6.25296235e-02  3.43507417e-02 -7.87427053e-02  2.06076410e-02
 -1.01100750e-01  1.25155896e-01 -6.08560629e-02  3.84334251e-02
  6.09368980e-02 -5.11149950e-02 -6.08001649e-02  4.85196076e-02
 -3.24478969e-02  1.82487965e-02 -6.03020974e-02  1.55370431e-02
  1.16173038e-02  6.39997050e-02  9.50997882e-03  4.40801959e-03
 -2.52648946e-02  6.13178462e-02 -1.43866753e-02  4.63313945e-02
  3.24910283e-02 -3.02990321e-02 -1.41317621e-01 -8.31228681e-03
  3.70809212e-02  3.84485573e-02  5.01094200e-02  2.48943716e-02
 -4.32896353e-02 -4.52570133e-02 -4.58422266e-02 -1.86077331e-03
  3.64457816e-02  1.49768265e-02 -5.82745473e-04 -3.08043640e-02
 -3.66420783e-02 -3.74193937e-02  1.15692958e-01  8.46864432e-02
 -3.05160470e-02 -1.18572200e-02 -4.64250669e-02  4.84092757e-02
  1.04409792e-01 -8.06358755e-02 -9.78437439e-02  3.88980962e-33
 -5.81592619e-02  1.00222640e-02 -1.86431874e-02  3.18655036e-02
 -3.40844207e-02  2.92423852e-02  4.79163565e-02  7.59720942e-03
  5.00320783e-03  7.72744268e-02  5.87937385e-02  2.59469151e-02
  2.20333133e-03 -4.66404408e-02 -1.86340325e-02  5.81713766e-02
  6.46557286e-02  3.70067693e-02  5.82346283e-02  6.50886372e-02
  6.53691441e-02 -3.15708555e-02 -7.01005384e-02 -5.22787869e-02
  5.69671765e-03  7.79805556e-02 -1.38023086e-02  2.33875122e-03
 -6.78177923e-02  8.84396583e-03  7.76377469e-02 -5.03126308e-02
 -1.65380538e-02 -1.74036827e-02 -4.05736640e-02  1.07126385e-02
  2.37447787e-02 -2.48171780e-02  1.32301394e-02 -5.95560484e-02
 -1.77662484e-02 -7.66865090e-02 -1.04361266e-01  1.81696552e-03
 -3.16035561e-02 -5.84742166e-02  9.91389249e-03  3.64171080e-02
  1.35624520e-02 -4.81122267e-03 -4.60982397e-02  3.79159860e-02
  2.90787723e-02 -5.68269454e-02 -5.18257432e-02  1.10365208e-02
  5.34831434e-02  1.21646104e-02  5.65780997e-02 -4.33443449e-02
 -3.07235830e-02  3.47736813e-02 -8.00453871e-02 -1.20693348e-01
  5.30691892e-02  4.51165903e-03 -1.59609560e-02  4.33885492e-02
 -1.21941203e-02 -9.77898613e-02 -9.12605822e-02 -9.10215676e-02
 -1.32347107e-01 -1.06575051e-02  8.13644975e-02  2.67911777e-02
 -5.98743819e-02 -2.98424158e-02 -1.96518619e-02 -3.19951475e-02
 -1.15206288e-02 -3.43648088e-03 -4.24476415e-02  2.47643306e-03
  9.78302509e-02  5.63621670e-02 -3.83977070e-02 -1.38108492e-01
  2.67884098e-02  7.35630766e-02 -6.03689104e-02 -4.51928340e-02
  9.85354558e-02  8.00761878e-02 -1.07507795e-01 -2.06840252e-08
 -3.85041535e-02  2.97739170e-02  1.31125245e-02  4.55015190e-02
 -5.18754125e-02 -2.63107438e-02  3.07924356e-02  2.31176950e-02
 -1.62970275e-02  7.34175509e-03 -7.19084293e-02  3.14663947e-02
 -3.79442945e-02 -1.01497900e-02  8.25037733e-02  5.40669151e-02
 -1.87194981e-02 -9.21857953e-02 -3.79040353e-02  4.81489822e-02
 -2.88834106e-02  2.70991009e-02 -9.75723714e-02 -8.12187865e-02
  2.56961249e-02  5.82727380e-02 -2.99110860e-02  4.33160700e-02
  4.74285781e-02  6.52856901e-02  8.77613649e-02 -1.04179215e-02
  4.99435328e-02 -6.07914943e-03 -1.36122992e-02  4.26960662e-02
  3.29437852e-02  6.98234290e-02 -2.01027282e-02 -1.93234384e-02
 -4.54346836e-02  8.89688507e-02  4.27741334e-02  5.53648286e-02
 -8.39326065e-03  1.32325692e-02 -1.02827717e-02 -5.37123792e-02
 -4.91386503e-02 -1.26021162e-01  4.77315299e-02  6.56946450e-02
 -1.11168949e-02 -2.78234798e-02  1.10108957e-01 -6.88631237e-02
  3.17030735e-02  3.15863057e-03 -6.54991716e-02 -1.51141791e-03
  1.70388203e-02  3.62662449e-02  3.04869507e-02  3.44062448e-02]",0
proj_test,53,What could be improved?,"The program was good overall, but there was not enough time for reflection.","The program was good overall, but there was not enough time for reflection.",negative,-0.6,False,"[-3.76896635e-02  1.04598338e-02  3.78425978e-02 -4.07436974e-02
  1.40742157e-02 -2.66351923e-02 -1.08590573e-01  2.13851035e-02
 -8.67407247e-02 -1.34776775e-02 -5.30457497e-02  6.91462830e-02
 -3.82855497e-02 -3.81114110e-02 -3.93475294e-02  8.71268753e-03
  7.16535747e-02 -1.07095376e-01  5.07703647e-02 -2.07727253e-02
 -1.16576292e-02 -2.37770360e-02  1.09924162e-02 -4.13735844e-02
  2.20347550e-02  4.81005721e-02 -5.87284639e-02 -6.16491549e-02
  3.83347869e-02  1.53692141e-02 -3.51583026e-02  1.28247574e-01
  2.46120375e-02 -2.74956170e-02 -1.90138817e-02  9.19960886e-02
  3.66762057e-02  1.82999636e-03 -2.49358043e-02 -4.23712805e-02
 -3.95034514e-02  2.53387373e-02  2.03472339e-02 -1.35679040e-02
 -2.06345273e-03 -1.33365750e-01  5.75963296e-02 -1.27112940e-01
  2.03647781e-02 -7.87038058e-02 -3.29162441e-02 -4.43620607e-02
  2.15193629e-02 -1.02125660e-01 -7.96014257e-03  5.40023968e-02
  6.31841123e-02  2.60591712e-02 -1.49340145e-02 -3.26218754e-02
 -3.93384472e-02 -1.02588220e-03 -4.56321985e-02  1.22065758e-02
  1.39963686e-01 -1.05738267e-02 -2.62284204e-02 -5.53102270e-02
  6.78633079e-02 -1.76636111e-02 -9.73609164e-02  4.15090891e-03
  5.07685579e-02  7.54323788e-03  2.64810361e-02 -9.44188423e-03
 -1.21812839e-02 -5.41570447e-02  5.66920871e-03 -8.19110647e-02
  6.26032427e-02 -2.34131049e-02 -3.87105234e-02  1.08680077e-01
  4.68540676e-02 -2.81449202e-02 -2.48165969e-02  1.96106210e-02
  2.28411239e-02  1.00394279e-01  1.07271120e-01  3.82520631e-02
  3.44699956e-02  3.10894977e-02  2.88212150e-02 -1.27828252e-02
  1.56319439e-02 -2.23632436e-02 -7.60224694e-03  8.08450133e-02
 -6.24983050e-02  6.84244409e-02  1.35791264e-02 -6.41013309e-02
 -2.27079894e-02 -7.24471286e-02  6.97873235e-02 -7.22792652e-03
 -5.83368652e-02  1.20586082e-02  5.58891296e-02 -5.42688649e-03
  3.19434181e-02  1.64736491e-02  3.91715467e-02  8.44010711e-02
  4.39634286e-02  3.08983144e-03 -3.66461240e-02  6.57668859e-02
  1.07468307e-01  4.11282070e-02  6.60724705e-03  3.95149924e-02
 -5.08710602e-03  2.12158673e-02  7.21825808e-02 -4.44931738e-33
 -1.85372978e-02  3.55690382e-02 -4.50698799e-03 -5.69937453e-02
  2.26694811e-02 -3.35987918e-02  1.60054117e-02  2.97863409e-02
 -8.20500962e-03 -6.00750521e-02  3.61106768e-02 -4.61526737e-02
  1.45191234e-02 -1.23334276e-02  8.93595740e-02  2.41278671e-02
 -4.63858433e-02  1.14967450e-01 -6.42688200e-02  1.59314517e-02
  3.61949243e-02 -1.19184377e-02 -4.97477166e-02 -1.08573034e-01
  1.31945247e-02  1.12791536e-02 -1.27629852e-02  3.36747803e-02
  5.77085279e-02  8.90505128e-03 -1.86539050e-02  5.05246222e-02
 -1.55070778e-02  6.22965358e-02  8.88006911e-02 -4.91068326e-03
  7.92026706e-03 -6.98417798e-02  2.72631999e-02 -3.74808200e-02
  2.56416178e-03  5.61166629e-02  1.19622238e-01 -3.08400597e-02
  8.75917673e-02 -1.35481656e-02 -1.58628952e-02  1.02476152e-02
 -7.32021034e-02  1.15162171e-01  1.64876170e-02  1.82658806e-02
 -1.63648371e-02 -2.81448793e-02 -6.03849441e-02  8.44209492e-02
  4.49420772e-02  3.53912190e-02 -3.67443673e-02  2.78899726e-02
  2.63141524e-02  7.07715079e-02  4.99409400e-02 -5.84007911e-02
 -1.62581243e-02  4.19124998e-02 -8.27917531e-02  1.12650683e-02
  6.19687256e-04  8.54109898e-02 -1.22184791e-01 -2.75831856e-02
 -4.40440960e-02 -5.29586188e-02  6.95069358e-02 -4.31462824e-02
 -4.73354198e-02 -5.15594445e-02 -3.41884010e-02  8.29916971e-04
  5.03238216e-02 -4.95186914e-03 -5.21146543e-02 -1.03679776e-01
  3.68232131e-02  1.34373438e-02  1.02310129e-01 -3.17600965e-02
 -3.19835208e-02 -4.36950140e-02 -1.16145350e-02  1.69269852e-02
 -2.55829636e-02 -2.27353233e-03 -2.20002793e-02  1.84281570e-33
 -1.51250800e-02 -3.85011099e-02  5.11768553e-03  5.38768470e-02
 -4.96248826e-02 -4.09074873e-02 -9.28426310e-02  1.04992911e-02
 -1.90189481e-02  7.24138692e-02  6.47457018e-02 -1.16977226e-02
 -3.54587287e-02  1.89172605e-03 -4.56752554e-02 -1.24995941e-02
  4.85367589e-02 -1.84316821e-02  1.08566033e-02  1.40308971e-02
  1.20368071e-01  7.54047707e-02 -2.45226678e-02 -1.15082972e-02
 -4.43280265e-02 -8.54391884e-03  2.29176264e-02 -2.46472713e-02
  2.79600453e-03 -6.88791787e-03  3.84158567e-02  2.23104246e-02
 -5.34275472e-02 -1.67213921e-02  3.18311453e-02  8.39934498e-02
  7.56758302e-02  1.04629260e-03 -9.61889848e-02 -6.31306097e-02
  3.67820524e-02 -3.41367722e-02 -1.15297139e-01  2.14073388e-03
 -5.00434153e-02  1.97153352e-02  1.29139544e-02  5.69536462e-02
 -2.11920887e-02  1.72699541e-02 -3.77209634e-02 -3.15898210e-02
  1.36714727e-02 -3.57196778e-02 -9.66119673e-03 -3.89519818e-02
  1.02365643e-01  1.63789839e-02  3.59460562e-02  2.35120207e-03
 -8.75377506e-02 -8.21917132e-03 -8.75739660e-03 -1.57850057e-01
  6.18479066e-02  1.60787106e-02  6.33076578e-03 -1.57470163e-02
 -3.15946750e-02 -2.83372514e-02 -4.37711403e-02  2.60497387e-02
 -6.82677701e-02  2.66834907e-02 -4.35937149e-03  1.14242509e-01
 -4.47321124e-02  1.10477218e-02 -1.31883010e-01  1.23307429e-04
 -2.55931467e-02 -3.56930606e-02  1.15004685e-02  5.25589772e-02
  1.04970476e-02  3.62806581e-02 -1.53179932e-02 -5.22459820e-02
  2.01607812e-02  1.10445924e-01  6.95191091e-03  4.60591912e-02
  8.55450258e-02  4.22918834e-02 -1.28385937e-02 -2.18810730e-08
  2.15806924e-02  5.81083745e-02  5.77502511e-02  3.23116221e-02
 -1.63514558e-02  2.56584454e-02 -2.90886802e-03 -1.37911607e-02
 -8.87161642e-02  7.18364418e-02 -3.57810445e-02 -8.81452579e-03
 -5.12700230e-02  5.92171513e-02  7.72779733e-02 -5.93963265e-02
  4.29738238e-02 -6.09819070e-02 -1.01056665e-01  3.66489799e-03
  2.93898955e-03 -4.32692617e-02 -2.75305193e-02 -2.52451263e-02
 -4.41132486e-02  1.60659617e-03 -1.96909811e-02 -2.86466666e-02
 -7.54113821e-03 -3.06763388e-02  4.98691164e-02  4.70000915e-02
 -2.46131886e-02  2.17291601e-02 -4.77353558e-02 -1.48298386e-02
 -4.02170159e-02 -1.19304806e-02  3.97930630e-02 -1.27082970e-02
 -3.96119729e-02  5.91887645e-02  5.51372534e-03  2.80528851e-02
  9.68479812e-02 -3.52688432e-02 -4.12319154e-02 -5.15032150e-02
 -1.33476779e-02 -5.12653813e-02  1.04518421e-01 -1.42700151e-02
 -7.63091817e-02  8.15344322e-03  1.26531616e-01  3.67725901e-02
  2.34066006e-02 -8.95550847e-02 -8.67201462e-02  4.90733162e-02
  5.97692952e-02  2.88962033e-02 -5.70885502e-02  4.85365652e-02]",3
proj_test,57,What could be improved?,The last day felt rushed and somewhat disorganized.,The last day felt rushed and somewhat disorganized.,negative,-0.228,False,"[ 2.98891105e-02  4.61704060e-02  8.03405270e-02  1.75609346e-02
  1.41765550e-01 -9.70853046e-02 -2.90469527e-02 -3.24594788e-02
 -3.78605351e-02 -2.42698397e-02 -2.11398564e-02  9.81381088e-02
 -5.68084680e-02  3.00615542e-02 -4.48242389e-03 -7.90416077e-02
  2.30075475e-02 -6.05078414e-02 -9.68419835e-02  6.50879294e-02
 -9.50371847e-02  2.75982469e-02 -4.03211676e-02  2.91428082e-02
 -2.86376830e-02  1.02780886e-01 -1.77428890e-02 -2.18130858e-03
  2.20599733e-02 -8.98770466e-02 -4.58739139e-02  5.90150207e-02
  3.81927751e-02  3.27437185e-02 -4.79845740e-02  2.69717220e-02
  3.41048501e-02  7.92218093e-03  4.91792373e-02  3.28612104e-02
  2.21807440e-03  3.33995209e-03 -2.99345632e-03  8.16160068e-02
 -3.68412957e-02 -8.86869133e-02 -4.89493981e-02 -6.90061748e-02
  3.92833613e-02 -2.44610328e-02 -2.88304109e-02 -3.86937819e-02
 -3.52477282e-02 -6.73272610e-02 -6.46943878e-03  3.65838036e-02
  4.92433226e-03  4.17993627e-02  7.13670403e-02 -4.27754410e-02
 -5.83451279e-02 -3.01513704e-03  5.27534150e-02  2.08091289e-02
  8.99213925e-02 -6.86197504e-02  4.36408520e-02 -8.75690281e-02
  8.63165483e-02  6.77850395e-02  5.51243946e-02  3.79747823e-02
  3.06965467e-02 -2.87576057e-02 -3.70835178e-02  2.36754641e-02
 -2.06081942e-02 -1.26549639e-02  6.00783480e-03 -1.92177221e-02
  1.35480398e-02 -4.49503474e-02  1.31783052e-03  4.85837720e-02
  2.17234604e-02 -1.62377022e-02 -6.47615492e-02 -2.47507263e-02
 -4.05173562e-02  6.93018967e-03 -3.23728332e-03  8.84120315e-02
 -1.87862590e-02  1.92385633e-02  7.57580698e-02 -3.11264899e-02
 -4.18209955e-02  6.15830384e-02 -3.14981565e-02  1.15042366e-01
 -4.08643065e-03  1.13871090e-01  1.35812545e-02  1.48351816e-03
  6.11554720e-02 -9.75360498e-02 -1.40496688e-02 -3.01649347e-02
 -1.08800605e-01 -4.17866744e-02 -4.35827002e-02 -6.11261418e-03
  3.94548401e-02 -2.85597108e-02 -1.59996729e-02  2.62308586e-02
  2.61448566e-02  2.90763862e-02 -3.08590382e-02  1.32046193e-01
  7.57474005e-02  1.31583810e-02 -4.77712750e-02 -1.40297171e-02
  2.11570263e-02  5.58574609e-02  9.69036967e-02 -1.51924866e-33
 -1.27584422e-02 -4.26890552e-02 -6.70826435e-03  3.73863727e-02
  6.74667433e-02 -9.98525415e-04 -2.81487238e-02 -1.29806548e-02
  2.32687773e-04 -3.05530112e-02  4.52836528e-02  5.34745604e-02
 -8.97749364e-02 -2.52968017e-02 -1.62429549e-02 -9.69021320e-02
 -6.11637831e-02  1.00102879e-01 -5.94235882e-02  2.12211143e-02
  2.28907652e-02  5.95506653e-02 -6.50451630e-02 -7.61289941e-03
 -4.28957818e-03  6.45861328e-02  1.19916648e-02  9.95902345e-02
  2.18317062e-02  1.91398163e-03 -2.66724601e-02 -2.91460827e-02
 -4.07703267e-03  6.59989864e-02  2.56649554e-02  2.29993351e-02
  9.05275345e-03 -4.90155444e-02  3.12692672e-02 -1.43134547e-02
  8.85501970e-03  2.46280292e-03 -2.63639502e-02 -5.48977442e-02
 -5.11725135e-02  9.43094641e-02  1.45755969e-02  9.69313364e-03
 -3.07408422e-02  6.64464757e-02  2.60116812e-03 -1.20768975e-02
  1.02362044e-01  2.63184700e-02 -2.64907908e-02  2.92987917e-02
  4.86804321e-02 -1.90762896e-02  1.78129785e-02  1.72945559e-02
  4.94181514e-02  3.74936052e-02 -3.19983549e-02 -5.56171387e-02
 -3.83538716e-02 -7.40706995e-02 -3.98669168e-02  5.60449623e-02
 -1.03026833e-02  2.12875344e-02  2.15032091e-03 -4.61716168e-02
  1.45533206e-02 -5.15459664e-03 -1.90221798e-02  3.28783062e-03
  3.09094135e-02 -1.89563651e-02 -1.94080584e-02 -1.26464605e-01
  4.02468257e-02  1.33463996e-03  1.82610583e-02 -3.60475592e-02
  1.56341557e-04  1.94320213e-02  7.65917525e-02  3.81549224e-02
 -5.76139875e-02 -9.05480608e-03 -2.83336397e-02 -2.09531486e-02
  5.82180396e-02 -3.61865386e-02  3.35468464e-02  1.27193200e-33
 -3.71234529e-02 -3.89185026e-02 -1.27549008e-01  1.08788759e-01
 -5.77683607e-03 -2.77556982e-02 -6.78891838e-02  5.19715957e-02
  1.24416815e-03  2.37466544e-02  2.71502882e-02  2.39513610e-02
  7.03815417e-03  1.87833812e-02 -3.13222297e-02  4.81061898e-02
  1.11835413e-01  1.40741868e-02  4.21362333e-02  3.73451710e-02
  2.85577048e-02  5.20666428e-02 -7.67131448e-02 -3.02719474e-02
  1.92631185e-02  9.21675190e-02  5.09131327e-02 -5.95705248e-02
 -5.64577803e-02 -8.76621455e-02  2.44937930e-03 -7.96996951e-02
 -6.07769564e-02  5.96947558e-02 -1.86788868e-02  9.79490280e-02
 -9.17347595e-02  1.86609961e-02  3.85918058e-02 -5.28838160e-03
 -8.89677927e-02 -1.19851669e-02  3.26401740e-02  5.28500043e-02
  2.94306837e-02  4.80477847e-02 -6.39533577e-03 -4.37944010e-02
 -4.43931744e-02  5.40848821e-02 -7.53870085e-02  1.07995920e-01
 -2.78359950e-02  2.24494631e-03 -6.42103096e-03 -3.22448649e-02
 -3.02467588e-02 -3.35997418e-02 -1.95764657e-02 -2.32708431e-03
 -5.66213988e-02 -7.36073926e-02  1.75091494e-02 -1.40775368e-01
 -1.60598587e-02 -5.27372621e-02 -1.31900553e-02 -7.05109835e-02
 -4.29145545e-02 -1.87781861e-03 -3.75645934e-03 -2.85385698e-02
 -1.23289429e-01  8.93574581e-02 -2.10396554e-02 -2.42747962e-02
  1.66888293e-02  5.95282502e-02  1.27013084e-02  2.01841164e-02
 -7.90413469e-02  8.98996368e-04 -3.74868214e-02 -4.31515165e-02
 -4.89394553e-02  1.15445428e-01 -1.77022424e-02 -3.92614603e-02
 -3.57257575e-02  6.22747503e-02  7.39569664e-02 -1.06571071e-01
  7.26685598e-02  1.12027556e-01 -2.66128629e-02 -2.09864712e-08
 -5.28385979e-04  2.49590794e-05 -3.72821204e-02 -2.96413824e-02
  9.72942635e-02 -5.38183264e-02 -1.20049976e-02  9.53537077e-02
 -5.75323449e-03  7.99153373e-02  3.10532805e-02  1.08226947e-03
 -1.25504481e-02  4.04680893e-02  1.99728776e-02  7.45920688e-02
 -3.79244052e-02 -6.38920367e-02 -3.50363553e-02  7.63230072e-03
  8.63404106e-03  3.82177085e-02 -1.24642968e-01 -1.58567056e-02
  4.40745689e-02  7.36719072e-02 -2.89517175e-02 -1.69787798e-02
  8.53975303e-03  2.00722348e-02 -1.58820115e-02  6.45066425e-02
 -3.20644453e-02 -7.25365430e-02 -1.04426108e-01  6.58633560e-02
 -5.69609972e-03  3.32268402e-02  3.60180773e-02 -5.77139743e-02
 -1.70257334e-02  1.48580028e-02  2.68085115e-02  2.48835161e-02
  2.26275977e-02 -1.86809420e-03  3.37374397e-02  1.28932847e-02
 -1.56010762e-02 -4.69195172e-02  6.22677952e-02  1.77710261e-02
 -3.93948192e-03  6.78406209e-02  3.89755564e-03  5.37564009e-02
 -5.40181138e-02  2.24413946e-02 -1.50723394e-03  5.57658337e-02
 -4.71592210e-02 -2.26639751e-02 -1.00535132e-01  8.32558796e-02]",0
proj_test,60,Any other comments?,"The meals were decent, but nothing special.","The meals were decent, but nothing special.",negative,-0.438,False,"[ 2.93875951e-02  1.10170402e-01  3.42325903e-02  7.24267885e-02
 -6.79812878e-02 -4.24129181e-02 -9.99488011e-02 -6.23499826e-02
 -7.55036846e-02 -7.21835569e-02  7.77440369e-02  1.02912104e-02
 -1.51844341e-02 -6.93657473e-02  5.76936314e-03 -1.07207254e-01
  1.37224615e-01 -1.38679683e-01  1.02496212e-02 -2.35263407e-02
 -9.70788747e-02 -2.57878434e-02  5.68557754e-02  2.86050402e-02
  3.53282392e-02  3.07410676e-03  1.25971129e-02 -4.53367494e-02
  2.06056349e-02  4.37442772e-03  1.24349806e-03  3.62842232e-02
  1.01731103e-02 -2.64514685e-02  1.76838003e-02  6.47970363e-02
  1.55092284e-01 -5.06231822e-02  1.34861171e-02 -3.27124186e-02
  1.01408409e-02  1.36034591e-02  3.92994210e-02 -2.53875516e-02
  2.91758683e-03 -4.15912047e-02 -4.25079241e-02 -7.14562610e-02
 -2.58690603e-02  1.54110892e-02  3.52877611e-03  1.47786888e-03
 -3.27002220e-02 -1.09133124e-01  5.35405353e-02  4.59485836e-02
 -6.39840737e-02 -6.49247020e-02  3.01290333e-04 -2.77640894e-02
 -7.79196396e-02 -1.48411456e-03  1.70739684e-02  1.30886976e-02
  3.27158943e-02 -6.27680421e-02 -9.94157121e-02 -2.50382926e-02
  5.88685535e-02  8.71234667e-03 -7.82236904e-02 -1.36140399e-02
  4.58618030e-02 -1.58982184e-02 -6.64642751e-02 -1.78383030e-02
 -7.85970222e-03 -8.33967999e-02 -4.22504656e-02  2.66312212e-02
 -5.00368550e-02  8.46710056e-03  2.24846043e-02  8.97743367e-03
  2.71610525e-02 -2.79983692e-02  3.40439491e-02 -3.37357596e-02
 -1.09079294e-02  3.50858457e-02  1.73714738e-02  1.03261815e-02
  1.54110021e-03 -2.28163321e-02  1.64081268e-02  2.71970388e-02
 -5.63355424e-02 -3.22834142e-02  2.55208253e-03  7.17431530e-02
  2.37306189e-02  7.73962885e-02  5.04113585e-02 -1.35836238e-02
 -4.23513725e-02  5.17477766e-02  7.50249252e-03 -1.92474797e-02
 -4.02859263e-02 -2.32125670e-02 -4.13602069e-02  7.50642493e-02
  3.21497545e-02 -2.83014141e-02 -7.91961998e-02  3.74507252e-03
  7.11848140e-02 -7.11654499e-02 -6.55652285e-02  5.16434312e-02
  2.93672103e-02  8.14755782e-02  6.81075221e-03  5.46483025e-02
 -1.17338233e-01  5.22962958e-02  8.47364366e-02 -3.82941786e-33
  3.33985165e-02 -4.79051545e-02  2.79096738e-02  3.43446471e-02
  1.18875124e-01  1.05241574e-02 -6.79603033e-03 -6.34610802e-02
  5.78213222e-02  5.12452722e-02  2.94749476e-02 -3.10462583e-02
  2.47494429e-02 -8.57484788e-02  4.34280746e-02  3.89377377e-03
 -4.02908325e-02  6.78863935e-03  1.10619076e-01  2.62502041e-02
 -1.83831342e-02  3.55870388e-02  1.86932143e-02  1.86669398e-02
  1.26443170e-02  4.39995416e-02  9.57797933e-03 -4.33367648e-04
 -3.94417532e-02 -6.70595048e-03 -5.97180799e-02  1.25670107e-03
  3.00748367e-02 -3.33566330e-02  6.02357928e-03  4.22047414e-02
 -5.32227643e-02 -9.17893872e-02  5.08078840e-03  5.44805825e-02
  1.00740232e-02 -1.88602172e-02  6.60013815e-04  1.16103673e-02
 -2.85652932e-02  3.81200649e-02  4.60646749e-02  3.60203274e-02
 -3.29479091e-02 -6.31488580e-03 -3.07683442e-02 -2.95612938e-03
  9.23103839e-03 -2.71660816e-02 -9.44363475e-02  3.00462767e-02
  3.91146317e-02  1.37741426e-02 -7.31848832e-03 -3.49433087e-02
  5.24070598e-02  3.61885922e-03 -3.78255472e-02 -8.59392136e-02
 -3.01395748e-02  4.66113724e-02  3.36949294e-03 -1.99581832e-02
 -2.18760930e-02  5.01982961e-03  1.26777431e-02  2.95737442e-02
  5.09272702e-02 -1.04651473e-01  2.03344505e-02  1.62499528e-02
 -2.25644149e-02 -8.10517669e-02  4.22364380e-03  4.65801742e-04
  1.48878694e-01  3.38535458e-02  2.40350817e-03  6.21522292e-02
 -5.00359526e-03  2.87737306e-02  3.43208350e-02 -8.12291447e-03
  3.83678190e-02  1.07194362e-02 -1.91485975e-02  1.58506900e-03
  1.82631090e-02 -1.10034324e-01 -7.21700722e-03  2.45374748e-33
  8.88209511e-03  7.00351819e-02 -6.88128844e-02  5.58300540e-02
  2.04623714e-02 -9.74948425e-03 -1.94655880e-02 -4.17631492e-02
  5.18799536e-02  3.41580138e-02  1.90796331e-02  2.85562314e-02
  2.41204817e-02 -7.32756406e-02 -2.05889735e-02  6.82544485e-02
  1.85642745e-02  4.73477505e-02  5.48186228e-02  2.90867016e-02
  7.95480981e-02  1.15494162e-01 -2.86267884e-02  1.07850628e-02
 -1.48271695e-02  1.00388475e-01 -1.74601339e-02  3.29100750e-02
 -1.11080743e-01 -7.68941492e-02  9.00990665e-02  4.26877551e-02
 -3.27126011e-02 -4.02953625e-02  4.44860756e-02  5.60444482e-02
 -9.47067738e-02  5.72466925e-02 -2.28560641e-02  2.21475195e-02
 -8.33648350e-03 -2.07370333e-02 -8.25333893e-02  9.58958715e-02
  6.71169313e-04  3.22841071e-02  8.04728083e-03 -9.51404944e-02
  1.51071965e-03 -4.57136929e-02 -4.45791669e-02 -8.84756725e-03
 -6.63249567e-02  1.18458131e-02  1.69112477e-02 -2.10126415e-02
  1.48844756e-02 -4.83116321e-02  6.68112114e-02 -7.26008713e-02
 -1.12325698e-01  6.58479426e-03 -1.86468009e-02  5.61066121e-02
  3.83964740e-02  1.75188910e-02  2.39663254e-02 -6.07827306e-02
 -3.78411338e-02 -3.80236991e-02 -2.61367951e-02 -5.40391654e-02
  4.01998609e-02  2.97935549e-02 -3.56750051e-03  3.44059691e-02
 -6.36356398e-02  8.63714085e-04 -1.45504884e-02 -6.54660771e-03
 -2.40210518e-02  2.32898933e-03 -1.65975653e-02 -4.27399389e-02
  6.44659027e-02  1.48398191e-01 -5.98667003e-02 -4.07188982e-02
 -8.70977419e-06  1.15776844e-01  4.37421910e-02 -4.50210087e-02
  1.17133714e-01  4.26987484e-02  9.13787186e-02 -1.65758252e-08
  9.02958736e-02  1.24887303e-02 -8.98063034e-02  5.63963801e-02
 -6.30027279e-02 -1.08129419e-01 -3.06873340e-02  3.40393279e-03
  3.29315104e-02  1.60208449e-01 -5.25201336e-02  3.97260375e-02
 -3.29652354e-02  1.92129184e-02  2.73640193e-02  8.37738216e-02
  3.83801237e-02 -2.23442167e-02 -5.32858111e-02  2.19865814e-02
 -5.29202931e-02  6.15549944e-02 -4.91124839e-02 -5.10442778e-02
  3.67650315e-02  3.51015776e-02  2.20248792e-02 -3.71498801e-02
  6.22547045e-02  3.10630426e-02 -1.70665439e-02 -2.84519624e-02
 -1.47508858e-02  6.32279459e-03 -3.23531893e-03 -3.90327931e-03
 -6.57765195e-02 -7.01184431e-03  9.38640907e-03 -8.30098093e-02
 -8.25977102e-02  7.16381706e-03 -3.04547921e-02  3.39115746e-02
 -1.42831691e-02  2.56160889e-02 -6.42956123e-02  7.46610835e-02
 -3.21444348e-02  1.75913330e-02 -8.84283986e-03  7.94579387e-02
 -4.79852334e-02  2.87558753e-02  4.48349565e-02 -3.73552330e-02
  2.42078491e-02 -2.24127509e-02  7.75627941e-02 -3.25063653e-02
  3.08388248e-02  3.33682410e-02 -1.24837592e-01 -5.21383584e-02]",1
